{"users":[{"AllowedToDelegate": [], "ObjectIdentifier": "S-1-5-21-2633719317-1471316042-3957863514-7602", "PrimaryGroupSid": "S-1-5-21-2633719317-1471316042-3957863514-513", "Properties": {"name": "ASTEIN@FABRICORP.LOCAL", "domain": "FABRICORP.LOCAL", "objectid": "S-1-5-21-2633719317-1471316042-3957863514-7602", "distinguishedname": "CN=astein,CN=Users,DC=fabricorp,DC=local", "highvalue": false, "unconstraineddelegation": false, "passwordnotreqd": false, "enabled": true, "lastlogon": -1, "lastlogontimestamp": -1, "pwdlastset": 1591841704, "dontreqpreauth": false, "pwdneverexpires": true, "sensitive": false, "serviceprincipalnames": [], "hasspn": false, "displayname": null, "email": null, "title": null, "homedirectory": null, "description": null, "userpassword": null, "admincount": false, "sidhistory": []}, "Aces": [{"RightName": "Owner", "AceType": "", "IsInherited": false, "PrincipalSID": "S-1-5-21-2633719317-1471316042-3957863514-512", "PrincipalType": "Group"}, {"RightName": "GenericAll", "AceType": "", "IsInherited": false, "PrincipalSID": "S-1-5-21-2633719317-1471316042-3957863514-512", "PrincipalType": "Group"}, {"RightName": "GenericAll", "AceType": "", "IsInherited": false, "PrincipalSID": "FABRICORP.LOCAL-S-1-5-32-548", "PrincipalType": "Group"}, {"RightName": "GenericAll", "AceType": "", "IsInherited": true, "PrincipalSID": "S-1-5-21-2633719317-1471316042-3957863514-519", "PrincipalType": "Group"}, {"RightName": "GenericWrite", "AceType": "", "IsInherited": true, "PrincipalSID": "FABRICORP.LOCAL-S-1-5-32-544", "PrincipalType": "Group"}, {"RightName": "WriteOwner", "AceType": "", "IsInherited": true, "PrincipalSID": "FABRICORP.LOCAL-S-1-5-32-544", "PrincipalType": "Group"}, {"RightName": "ExtendedRight", "AceType": "All", "IsInherited": true, "PrincipalSID": "FABRICORP.LOCAL-S-1-5-32-544", "PrincipalType": "Group"}, {"RightName": "WriteDacl", "AceType": "", "IsInherited": true, "PrincipalSID": "FABRICORP.LOCAL-S-1-5-32-544", "PrincipalType": "Group"}], "SPNTargets": [], "HasSIDHistory": []},{"AllowedToDelegate": [], "ObjectIdentifier": "S-1-5-21-2633719317-1471316042-3957863514-7603", "PrimaryGroupSid": "S-1-5-21-2633719317-1471316042-3957863514-513", "Properties": {"name": "DMUIR@FABRICORP.LOCAL", "domain": "FABRICORP.LOCAL", "objectid": "S-1-5-21-2633719317-1471316042-3957863514-7603", "distinguishedname": "CN=dmuir,CN=Users,DC=fabricorp,DC=local", "highvalue": false, "unconstraineddelegation": false, "passwordnotreqd": false, "enabled": true, "lastlogon": -1, "lastlogontimestamp": -1, "pwdlastset": 1591841738, "dontreqpreauth": false, "pwdneverexpires": true, "sensitive": false, "serviceprincipalnames": [], "hasspn": false, "displayname": null, "email": null, "title": null, "homedirectory": null, "description": null, "userpassword": null, "admincount": false, "sidhistory": []}, "Aces": [{"RightName": "Owner", "AceType": "", "IsInherited": false, "PrincipalSID": "S-1-5-21-2633719317-1471316042-3957863514-512", "PrincipalType": "Group"}, {"RightName": "GenericAll", "AceType": "", "IsInherited": false, "PrincipalSID": "S-1-5-21-2633719317-1471316042-3957863514-512", "PrincipalType": "Group"}, {"RightName": "GenericAll", "AceType": "", "IsInherited": false, "PrincipalSID": "FABRICORP.LOCAL-S-1-5-32-548", "PrincipalType": "Group"}, {"RightName": "GenericAll", "AceType": "", "IsInherited": true, "PrincipalSID": "S-1-5-21-2633719317-1471316042-3957863514-519", "PrincipalType": "Group"}, {"RightName": "GenericWrite", "AceType": "", "IsInherited": true, "PrincipalSID": "FABRICORP.LOCAL-S-1-5-32-544", "PrincipalType": "Group"}, {"RightName": "WriteOwner", "AceType": "", "IsInherited": true, "PrincipalSID": "FABRICORP.LOCAL-S-1-5-32-544", "PrincipalType": "Group"}, {"RightName": "ExtendedRight", "AceType": "All", "IsInherited": true, "PrincipalSID": "FABRICORP.LOCAL-S-1-5-32-544", "PrincipalType": "Group"}, {"RightName": "WriteDacl", "AceType": "", "IsInherited": true, "PrincipalSID": "FABRICORP.LOCAL-S-1-5-32-544", "PrincipalType": "Group"}], "SPNTargets": [], "HasSIDHistory": []},{"AllowedToDelegate": [], "ObjectIdentifier": "S-1-5-21-2633719317-1471316042-3957863514-7601", "PrimaryGroupSid": "S-1-5-21-2633719317-1471316042-3957863514-513", "Properties": {"name": "MBERBATOV@FABRICORP.LOCAL", "domain": "FABRICORP.LOCAL", "objectid": "S-1-5-21-2633719317-1471316042-3957863514-7601", "distinguishedname": "CN=mberbatov,CN=Users,DC=fabricorp,DC=local", "highvalue": false, "unconstraineddelegation": false, "passwordnotreqd": false, "enabled": true, "lastlogon": -1, "lastlogontimestamp": -1, "pwdlastset": 1591841652, "dontreqpreauth": false, "pwdneverexpires": true, "sensitive": false, "serviceprincipalnames": [], "hasspn": false, "displayname": null, "email": null, "title": null, "homedirectory": null, "description": null, "userpassword": null, "admincount": false, "sidhistory": []}, "Aces": [{"RightName": "Owner", "AceType": "", "IsInherited": false, "PrincipalSID": "S-1-5-21-2633719317-1471316042-3957863514-512", "PrincipalType": "Group"}, {"RightName": "GenericAll", "AceType": "", "IsInherited": false, "PrincipalSID": "S-1-5-21-2633719317-1471316042-3957863514-512", "PrincipalType": "Group"}, {"RightName": "GenericAll", "AceType": "", "IsInherited": false, "PrincipalSID": "FABRICORP.LOCAL-S-1-5-32-548", "PrincipalType": "Group"}, {"RightName": "GenericAll", "AceType": "", "IsInherited": true, "PrincipalSID": "S-1-5-21-2633719317-1471316042-3957863514-519", "PrincipalType": "Group"}, {"RightName": "GenericWrite", "AceType": "", "IsInherited": true, "PrincipalSID": "FABRICORP.LOCAL-S-1-5-32-544", "PrincipalType": "Group"}, {"RightName": "WriteOwner", "AceType": "", "IsInherited": true, "PrincipalSID": "FABRICORP.LOCAL-S-1-5-32-544", "PrincipalType": "Group"}, {"RightName": "ExtendedRight", "AceType": "All", "IsInherited": true, "PrincipalSID": "FABRICORP.LOCAL-S-1-5-32-544", "PrincipalType": "Group"}, {"RightName": "WriteDacl", "AceType": "", "IsInherited": true, "PrincipalSID": "FABRICORP.LOCAL-S-1-5-32-544", "PrincipalType": "Group"}], "SPNTargets": [], "HasSIDHistory": []},{"AllowedToDelegate": [], "ObjectIdentifier": "S-1-5-21-2633719317-1471316042-3957863514-7102", "PrimaryGroupSid": "S-1-5-21-2633719317-1471316042-3957863514-513", "Properties": {"name": "DANDREWS@FABRICORP.LOCAL", "domain": "FABRICORP.LOCAL", "objectid": "S-1-5-21-2633719317-1471316042-3957863514-7102", "distinguishedname": "CN=dandrews,CN=Users,DC=fabricorp,DC=local", "highvalue": false, "unconstraineddelegation": false, "passwordnotreqd": false, "enabled": false, "lastlogon": -1, "lastlogontimestamp": -1, "pwdlastset": 1591835750, "dontreqpreauth": false, "pwdneverexpires": true, "sensitive": false, "serviceprincipalnames": [], "hasspn": false, "displayname": null, "email": null, "title": null, "homedirectory": null, "description": null, "userpassword": null, "admincount": false, "sidhistory": []}, "Aces": [{"RightName": "Owner", "AceType": "", "IsInherited": false, "PrincipalSID": "S-1-5-21-2633719317-1471316042-3957863514-512", "PrincipalType": "Group"}, {"RightName": "GenericAll", "AceType": "", "IsInherited": false, "PrincipalSID": "S-1-5-21-2633719317-1471316042-3957863514-512", "PrincipalType": "Group"}, {"RightName": "GenericAll", "AceType": "", "IsInherited": false, "PrincipalSID": "FABRICORP.LOCAL-S-1-5-32-548", "PrincipalType": "Group"}, {"RightName": "GenericAll", "AceType": "", "IsInherited": true, "PrincipalSID": "S-1-5-21-2633719317-1471316042-3957863514-519", "PrincipalType": "Group"}, {"RightName": "GenericWrite", "AceType": "", "IsInherited": true, "PrincipalSID": "FABRICORP.LOCAL-S-1-5-32-544", "PrincipalType": "Group"}, {"RightName": "WriteOwner", "AceType": "", "IsInherited": true, "PrincipalSID": "FABRICORP.LOCAL-S-1-5-32-544", "PrincipalType": "Group"}, {"RightName": "ExtendedRight", "AceType": "All", "IsInherited": true, "PrincipalSID": "FABRICORP.LOCAL-S-1-5-32-544", "PrincipalType": "Group"}, {"RightName": "WriteDacl", "AceType": "", "IsInherited": true, "PrincipalSID": "FABRICORP.LOCAL-S-1-5-32-544", "PrincipalType": "Group"}], "SPNTargets": [], "HasSIDHistory": []},{"AllowedToDelegate": [], "ObjectIdentifier": "S-1-5-21-2633719317-1471316042-3957863514-7101", "PrimaryGroupSid": "S-1-5-21-2633719317-1471316042-3957863514-513", "Properties": {"name": "BHULT@FABRICORP.LOCAL", "domain": "FABRICORP.LOCAL", "objectid": "S-1-5-21-2633719317-1471316042-3957863514-7101", "distinguishedname": "CN=bhult,CN=Users,DC=fabricorp,DC=local", "highvalue": false, "unconstraineddelegation": false, "passwordnotreqd": false, "enabled": true, "lastlogon": -1, "lastlogontimestamp": -1, "pwdlastset": -1, "dontreqpreauth": false, "pwdneverexpires": false, "sensitive": false, "serviceprincipalnames": [], "hasspn": false, "displayname": null, "email": null, "title": null, "homedirectory": null, "description": null, "userpassword": null, "admincount": false, "sidhistory": []}, "Aces": [{"RightName": "Owner", "AceType": "", "IsInherited": false, "PrincipalSID": "S-1-5-21-2633719317-1471316042-3957863514-512", "PrincipalType": "Group"}, {"RightName": "GenericAll", "AceType": "", "IsInherited": false, "PrincipalSID": "S-1-5-21-2633719317-1471316042-3957863514-512", "PrincipalType": "Group"}, {"RightName": "GenericAll", "AceType": "", "IsInherited": false, "PrincipalSID": "FABRICORP.LOCAL-S-1-5-32-548", "PrincipalType": "Group"}, {"RightName": "GenericAll", "AceType": "", "IsInherited": true, "PrincipalSID": "S-1-5-21-2633719317-1471316042-3957863514-519", "PrincipalType": "Group"}, {"RightName": "GenericWrite", "AceType": "", "IsInherited": true, "PrincipalSID": "FABRICORP.LOCAL-S-1-5-32-544", "PrincipalType": "Group"}, {"RightName": "WriteOwner", "AceType": "", "IsInherited": true, "PrincipalSID": "FABRICORP.LOCAL-S-1-5-32-544", "PrincipalType": "Group"}, {"RightName": "ExtendedRight", "AceType": "All", "IsInherited": true, "PrincipalSID": "FABRICORP.LOCAL-S-1-5-32-544", "PrincipalType": "Group"}, {"RightName": "WriteDacl", "AceType": "", "IsInherited": true, "PrincipalSID": "FABRICORP.LOCAL-S-1-5-32-544", "PrincipalType": "Group"}], "SPNTargets": [], "HasSIDHistory": []},{"AllowedToDelegate": [], "ObjectIdentifier": "S-1-5-21-2633719317-1471316042-3957863514-1605", "PrimaryGroupSid": "S-1-5-21-2633719317-1471316042-3957863514-513", "Properties": {"name": "SVC-SCAN@FABRICORP.LOCAL", "domain": "FABRICORP.LOCAL", "objectid": "S-1-5-21-2633719317-1471316042-3957863514-1605", "distinguishedname": "CN=svc-scan,CN=Users,DC=fabricorp,DC=local", "highvalue": false, "unconstraineddelegation": false, "passwordnotreqd": false, "enabled": true, "lastlogon": -1, "lastlogontimestamp": -1, "pwdlastset": 1590884850, "dontreqpreauth": false, "pwdneverexpires": true, "sensitive": false, "serviceprincipalnames": [], "hasspn": false, "displayname": null, "email": null, "title": null, "homedirectory": null, "description": null, "userpassword": null, "admincount": false, "sidhistory": []}, "Aces": [{"RightName": "Owner", "AceType": "", "IsInherited": false, "PrincipalSID": "S-1-5-21-2633719317-1471316042-3957863514-512", "PrincipalType": "Group"}, {"RightName": "GenericAll", "AceType": "", "IsInherited": false, "PrincipalSID": "S-1-5-21-2633719317-1471316042-3957863514-512", "PrincipalType": "Group"}, {"RightName": "GenericAll", "AceType": "", "IsInherited": false, "PrincipalSID": "FABRICORP.LOCAL-S-1-5-32-548", "PrincipalType": "Group"}, {"RightName": "GenericAll", "AceType": "", "IsInherited": true, "PrincipalSID": "S-1-5-21-2633719317-1471316042-3957863514-519", "PrincipalType": "Group"}, {"RightName": "GenericWrite", "AceType": "", "IsInherited": true, "PrincipalSID": "FABRICORP.LOCAL-S-1-5-32-544", "PrincipalType": "Group"}, {"RightName": "WriteOwner", "AceType": "", "IsInherited": true, "PrincipalSID": "FABRICORP.LOCAL-S-1-5-32-544", "PrincipalType": "Group"}, {"RightName": "ExtendedRight", "AceType": "All", "IsInherited": true, "PrincipalSID": "FABRICORP.LOCAL-S-1-5-32-544", "PrincipalType": "Group"}, {"RightName": "WriteDacl", "AceType": "", "IsInherited": true, "PrincipalSID": "FABRICORP.LOCAL-S-1-5-32-544", "PrincipalType": "Group"}], "SPNTargets": [], "HasSIDHistory": []},{"AllowedToDelegate": [], "ObjectIdentifier": "S-1-5-21-2633719317-1471316042-3957863514-1603", "PrimaryGroupSid": "S-1-5-21-2633719317-1471316042-3957863514-513", "Properties": {"name": "PMERTON@FABRICORP.LOCAL", "domain": "FABRICORP.LOCAL", "objectid": "S-1-5-21-2633719317-1471316042-3957863514-1603", "distinguishedname": "CN=pmerton,CN=Users,DC=fabricorp,DC=local", "highvalue": false, "unconstraineddelegation": false, "passwordnotreqd": false, "enabled": true, "lastlogon": -1, "lastlogontimestamp": -1, "pwdlastset": 1590882657, "dontreqpreauth": false, "pwdneverexpires": true, "sensitive": false, "serviceprincipalnames": [], "hasspn": false, "displayname": null, "email": null, "title": null, "homedirectory": null, "description": null, "userpassword": null, "admincount": false, "sidhistory": []}, "Aces": [{"RightName": "Owner", "AceType": "", "IsInherited": false, "PrincipalSID": "S-1-5-21-2633719317-1471316042-3957863514-512", "PrincipalType": "Group"}, {"RightName": "GenericAll", "AceType": "", "IsInherited": false, "PrincipalSID": "S-1-5-21-2633719317-1471316042-3957863514-512", "PrincipalType": "Group"}, {"RightName": "GenericAll", "AceType": "", "IsInherited": false, "PrincipalSID": "FABRICORP.LOCAL-S-1-5-32-548", "PrincipalType": "Group"}, {"RightName": "GenericAll", "AceType": "", "IsInherited": true, "PrincipalSID": "S-1-5-21-2633719317-1471316042-3957863514-519", "PrincipalType": "Group"}, {"RightName": "GenericWrite", "AceType": "", "IsInherited": true, "PrincipalSID": "FABRICORP.LOCAL-S-1-5-32-544", "PrincipalType": "Group"}, {"RightName": "WriteOwner", "AceType": "", "IsInherited": true, "PrincipalSID": "FABRICORP.LOCAL-S-1-5-32-544", "PrincipalType": "Group"}, {"RightName": "ExtendedRight", "AceType": "All", "IsInherited": true, "PrincipalSID": "FABRICORP.LOCAL-S-1-5-32-544", "PrincipalType": "Group"}, {"RightName": "WriteDacl", "AceType": "", "IsInherited": true, "PrincipalSID": "FABRICORP.LOCAL-S-1-5-32-544", "PrincipalType": "Group"}], "SPNTargets": [], "HasSIDHistory": []},{"AllowedToDelegate": [], "ObjectIdentifier": "S-1-5-21-2633719317-1471316042-3957863514-1602", "PrimaryGroupSid": "S-1-5-21-2633719317-1471316042-3957863514-513", "Properties": {"name": "TLAVEL@FABRICORP.LOCAL", "domain": "FABRICORP.LOCAL", "objectid": "S-1-5-21-2633719317-1471316042-3957863514-1602", "distinguishedname": "CN=tlavel,CN=Users,DC=fabricorp,DC=local", "highvalue": false, "unconstraineddelegation": false, "passwordnotreqd": false, "enabled": true, "lastlogon": -1, "lastlogontimestamp": 1629294656, "pwdlastset": -1, "dontreqpreauth": false, "pwdneverexpires": false, "sensitive": false, "serviceprincipalnames": [], "hasspn": false, "displayname": null, "email": null, "title": null, "homedirectory": null, "description": null, "userpassword": null, "admincount": false, "sidhistory": []}, "Aces": [{"RightName": "Owner", "AceType": "", "IsInherited": false, "PrincipalSID": "S-1-5-21-2633719317-1471316042-3957863514-512", "PrincipalType": "Group"}, {"RightName": "GenericAll", "AceType": "", "IsInherited": false, "PrincipalSID": "S-1-5-21-2633719317-1471316042-3957863514-512", "PrincipalType": "Group"}, {"RightName": "GenericAll", "AceType": "", "IsInherited": false, "PrincipalSID": "FABRICORP.LOCAL-S-1-5-32-548", "PrincipalType": "Group"}, {"RightName": "GenericAll", "AceType": "", "IsInherited": true, "PrincipalSID": "S-1-5-21-2633719317-1471316042-3957863514-519", "PrincipalType": "Group"}, {"RightName": "GenericWrite", "AceType": "", "IsInherited": true, "PrincipalSID": "FABRICORP.LOCAL-S-1-5-32-544", "PrincipalType": "Group"}, {"RightName": "WriteOwner", "AceType": "", "IsInherited": true, "PrincipalSID": "FABRICORP.LOCAL-S-1-5-32-544", "PrincipalType": "Group"}, {"RightName": "ExtendedRight", "AceType": "All", "IsInherited": true, "PrincipalSID": "FABRICORP.LOCAL-S-1-5-32-544", "PrincipalType": "Group"}, {"RightName": "WriteDacl", "AceType": "", "IsInherited": true, "PrincipalSID": "FABRICORP.LOCAL-S-1-5-32-544", "PrincipalType": "Group"}], "SPNTargets": [], "HasSIDHistory": []},{"AllowedToDelegate": [], "ObjectIdentifier": "S-1-5-21-2633719317-1471316042-3957863514-1601", "PrimaryGroupSid": "S-1-5-21-2633719317-1471316042-3957863514-513", "Properties": {"name": "STHOMPSON@FABRICORP.LOCAL", "domain": "FABRICORP.LOCAL", "objectid": "S-1-5-21-2633719317-1471316042-3957863514-1601", "distinguishedname": "CN=sthompson,CN=Users,DC=fabricorp,DC=local", "highvalue": false, "unconstraineddelegation": false, "passwordnotreqd": false, "enabled": true, "lastlogon": 1590881516, "lastlogontimestamp": 1590881516, "pwdlastset": 1590881457, "dontreqpreauth": false, "pwdneverexpires": true, "sensitive": false, "serviceprincipalnames": [], "hasspn": false, "displayname": null, "email": null, "title": null, "homedirectory": null, "description": null, "userpassword": null, "admincount": true, "sidhistory": []}, "Aces": [{"RightName": "Owner", "AceType": "", "IsInherited": false, "PrincipalSID": "S-1-5-21-2633719317-1471316042-3957863514-512", "PrincipalType": "Group"}, {"RightName": "GenericWrite", "AceType": "", "IsInherited": false, "PrincipalSID": "S-1-5-21-2633719317-1471316042-3957863514-512", "PrincipalType": "Group"}, {"RightName": "WriteOwner", "AceType": "", "IsInherited": false, "PrincipalSID": "S-1-5-21-2633719317-1471316042-3957863514-512", "PrincipalType": "Group"}, {"RightName": "ExtendedRight", "AceType": "All", "IsInherited": false, "PrincipalSID": "S-1-5-21-2633719317-1471316042-3957863514-512", "PrincipalType": "Group"}, {"RightName": "WriteDacl", "AceType": "", "IsInherited": false, "PrincipalSID": "S-1-5-21-2633719317-1471316042-3957863514-512", "PrincipalType": "Group"}, {"RightName": "GenericWrite", "AceType": "", "IsInherited": false, "PrincipalSID": "S-1-5-21-2633719317-1471316042-3957863514-519", "PrincipalType": "Group"}, {"RightName": "WriteOwner", "AceType": "", "IsInherited": false, "PrincipalSID": "S-1-5-21-2633719317-1471316042-3957863514-519", "PrincipalType": "Group"}, {"RightName": "ExtendedRight", "AceType": "All", "IsInherited": false, "PrincipalSID": "S-1-5-21-2633719317-1471316042-3957863514-519", "PrincipalType": "Group"}, {"RightName": "WriteDacl", "AceType": "", "IsInherited": false, "PrincipalSID": "S-1-5-21-2633719317-1471316042-3957863514-519", "PrincipalType": "Group"}, {"RightName": "GenericWrite", "AceType": "", "IsInherited": false, "PrincipalSID": "FABRICORP.LOCAL-S-1-5-32-544", "PrincipalType": "Group"}, {"RightName": "WriteOwner", "AceType": "", "IsInherited": false, "PrincipalSID": "FABRICORP.LOCAL-S-1-5-32-544", "PrincipalType": "Group"}, {"RightName": "ExtendedRight", "AceType": "All", "IsInherited": false, "PrincipalSID": "FABRICORP.LOCAL-S-1-5-32-544", "PrincipalType": "Group"}, {"RightName": "WriteDacl", "AceType": "", "IsInherited": false, "PrincipalSID": "FABRICORP.LOCAL-S-1-5-32-544", "PrincipalType": "Group"}], "SPNTargets": [], "HasSIDHistory": []},{"AllowedToDelegate": [], "ObjectIdentifier": "S-1-5-21-2633719317-1471316042-3957863514-1105", "PrimaryGroupSid": "S-1-5-21-2633719317-1471316042-3957863514-513", "Properties": {"name": "BNIELSON@FABRICORP.LOCAL", "domain": "FABRICORP.LOCAL", "objectid": "S-1-5-21-2633719317-1471316042-3957863514-1105", "distinguishedname": "CN=bnielson,CN=Users,DC=fabricorp,DC=local", "highvalue": false, "unconstraineddelegation": false, "passwordnotreqd": false, "enabled": true, "lastlogon": -1, "lastlogontimestamp": -1, "pwdlastset": -1, "dontreqpreauth": false, "pwdneverexpires": false, "sensitive": false, "serviceprincipalnames": [], "hasspn": false, "displayname": null, "email": null, "title": null, "homedirectory": null, "description": null, "userpassword": null, "admincount": false, "sidhistory": []}, "Aces": [{"RightName": "Owner", "AceType": "", "IsInherited": false, "PrincipalSID": "S-1-5-21-2633719317-1471316042-3957863514-512", "PrincipalType": "Group"}, {"RightName": "GenericAll", "AceType": "", "IsInherited": false, "PrincipalSID": "S-1-5-21-2633719317-1471316042-3957863514-512", "PrincipalType": "Group"}, {"RightName": "GenericAll", "AceType": "", "IsInherited": false, "PrincipalSID": "FABRICORP.LOCAL-S-1-5-32-548", "PrincipalType": "Group"}, {"RightName": "GenericAll", "AceType": "", "IsInherited": true, "PrincipalSID": "S-1-5-21-2633719317-1471316042-3957863514-519", "PrincipalType": "Group"}, {"RightName": "GenericWrite", "AceType": "", "IsInherited": true, "PrincipalSID": "FABRICORP.LOCAL-S-1-5-32-544", "PrincipalType": "Group"}, {"RightName": "WriteOwner", "AceType": "", "IsInherited": true, "PrincipalSID": "FABRICORP.LOCAL-S-1-5-32-544", "PrincipalType": "Group"}, {"RightName": "ExtendedRight", "AceType": "All", "IsInherited": true, "PrincipalSID": "FABRICORP.LOCAL-S-1-5-32-544", "PrincipalType": "Group"}, {"RightName": "WriteDacl", "AceType": "", "IsInherited": true, "PrincipalSID": "FABRICORP.LOCAL-S-1-5-32-544", "PrincipalType": "Group"}], "SPNTargets": [], "HasSIDHistory": []},{"AllowedToDelegate": [], "ObjectIdentifier": "S-1-5-21-2633719317-1471316042-3957863514-502", "PrimaryGroupSid": "S-1-5-21-2633719317-1471316042-3957863514-513", "Properties": {"name": "KRBTGT@FABRICORP.LOCAL", "domain": "FABRICORP.LOCAL", "objectid": "S-1-5-21-2633719317-1471316042-3957863514-502", "distinguishedname": "CN=krbtgt,CN=Users,DC=fabricorp,DC=local", "highvalue": false, "unconstraineddelegation": false, "passwordnotreqd": false, "enabled": false, "lastlogon": -1, "lastlogontimestamp": -1, "pwdlastset": 1590795007, "dontreqpreauth": false, "pwdneverexpires": false, "sensitive": false, "serviceprincipalnames": ["kadmin/changepw"], "hasspn": true, "displayname": null, "email": null, "title": null, "homedirectory": null, "description": "Key Distribution Center Service Account", "userpassword": null, "admincount": true, "sidhistory": []}, "Aces": [{"RightName": "Owner", "AceType": "", "IsInherited": false, "PrincipalSID": "S-1-5-21-2633719317-1471316042-3957863514-512", "PrincipalType": "Group"}, {"RightName": "GenericWrite", "AceType": "", "IsInherited": false, "PrincipalSID": "S-1-5-21-2633719317-1471316042-3957863514-512", "PrincipalType": "Group"}, {"RightName": "WriteOwner", "AceType": "", "IsInherited": false, "PrincipalSID": "S-1-5-21-2633719317-1471316042-3957863514-512", "PrincipalType": "Group"}, {"RightName": "ExtendedRight", "AceType": "All", "IsInherited": false, "PrincipalSID": "S-1-5-21-2633719317-1471316042-3957863514-512", "PrincipalType": "Group"}, {"RightName": "WriteDacl", "AceType": "", "IsInherited": false, "PrincipalSID": "S-1-5-21-2633719317-1471316042-3957863514-512", "PrincipalType": "Group"}, {"RightName": "GenericWrite", "AceType": "", "IsInherited": false, "PrincipalSID": "S-1-5-21-2633719317-1471316042-3957863514-519", "PrincipalType": "Group"}, {"RightName": "WriteOwner", "AceType": "", "IsInherited": false, "PrincipalSID": "S-1-5-21-2633719317-1471316042-3957863514-519", "PrincipalType": "Group"}, {"RightName": "ExtendedRight", "AceType": "All", "IsInherited": false, "PrincipalSID": "S-1-5-21-2633719317-1471316042-3957863514-519", "PrincipalType": "Group"}, {"RightName": "WriteDacl", "AceType": "", "IsInherited": false, "PrincipalSID": "S-1-5-21-2633719317-1471316042-3957863514-519", "PrincipalType": "Group"}, {"RightName": "GenericWrite", "AceType": "", "IsInherited": false, "PrincipalSID": "FABRICORP.LOCAL-S-1-5-32-544", "PrincipalType": "Group"}, {"RightName": "WriteOwner", "AceType": "", "IsInherited": false, "PrincipalSID": "FABRICORP.LOCAL-S-1-5-32-544", "PrincipalType": "Group"}, {"RightName": "ExtendedRight", "AceType": "All", "IsInherited": false, "PrincipalSID": "FABRICORP.LOCAL-S-1-5-32-544", "PrincipalType": "Group"}, {"RightName": "WriteDacl", "AceType": "", "IsInherited": false, "PrincipalSID": "FABRICORP.LOCAL-S-1-5-32-544", "PrincipalType": "Group"}], "SPNTargets": [], "HasSIDHistory": []},{"AllowedToDelegate": [], "ObjectIdentifier": "S-1-5-21-2633719317-1471316042-3957863514-503", "PrimaryGroupSid": "S-1-5-21-2633719317-1471316042-3957863514-513", "Properties": {"name": "DEFAULTACCOUNT@FABRICORP.LOCAL", "domain": "FABRICORP.LOCAL", "objectid": "S-1-5-21-2633719317-1471316042-3957863514-503", "distinguishedname": "CN=DefaultAccount,CN=Users,DC=fabricorp,DC=local", "highvalue": false, "unconstraineddelegation": false, "passwordnotreqd": true, "enabled": false, "lastlogon": -1, "lastlogontimestamp": -1, "pwdlastset": -1, "dontreqpreauth": false, "pwdneverexpires": true, "sensitive": false, "serviceprincipalnames": [], "hasspn": false, "displayname": null, "email": null, "title": null, "homedirectory": null, "description": "A user account managed by the system.", "userpassword": null, "admincount": false, "sidhistory": []}, "Aces": [{"RightName": "Owner", "AceType": "", "IsInherited": false, "PrincipalSID": "FABRICORP.LOCAL-S-1-5-32-544", "PrincipalType": "Group"}, {"RightName": "GenericAll", "AceType": "", "IsInherited": false, "PrincipalSID": "S-1-5-21-2633719317-1471316042-3957863514-512", "PrincipalType": "Group"}, {"RightName": "GenericAll", "AceType": "", "IsInherited": false, "PrincipalSID": "FABRICORP.LOCAL-S-1-5-32-548", "PrincipalType": "Group"}, {"RightName": "GenericAll", "AceType": "", "IsInherited": true, "PrincipalSID": "S-1-5-21-2633719317-1471316042-3957863514-519", "PrincipalType": "Group"}, {"RightName": "GenericWrite", "AceType": "", "IsInherited": true, "PrincipalSID": "FABRICORP.LOCAL-S-1-5-32-544", "PrincipalType": "Group"}, {"RightName": "WriteOwner", "AceType": "", "IsInherited": true, "PrincipalSID": "FABRICORP.LOCAL-S-1-5-32-544", "PrincipalType": "Group"}, {"RightName": "ExtendedRight", "AceType": "All", "IsInherited": true, "PrincipalSID": "FABRICORP.LOCAL-S-1-5-32-544", "PrincipalType": "Group"}, {"RightName": "WriteDacl", "AceType": "", "IsInherited": true, "PrincipalSID": "FABRICORP.LOCAL-S-1-5-32-544", "PrincipalType": "Group"}], "SPNTargets": [], "HasSIDHistory": []},{"AllowedToDelegate": [], "ObjectIdentifier": "S-1-5-21-2633719317-1471316042-3957863514-1104", "PrimaryGroupSid": "S-1-5-21-2633719317-1471316042-3957863514-513", "Properties": {"name": "SVC-PRINT@FABRICORP.LOCAL", "domain": "FABRICORP.LOCAL", "objectid": "S-1-5-21-2633719317-1471316042-3957863514-1104", "distinguishedname": "CN=svc-print,CN=Users,DC=fabricorp,DC=local", "highvalue": false, "unconstraineddelegation": false, "passwordnotreqd": false, "enabled": true, "lastlogon": 1629296401, "lastlogontimestamp": 1629294602, "pwdlastset": 1590884828, "dontreqpreauth": false, "pwdneverexpires": true, "sensitive": false, "serviceprincipalnames": [], "hasspn": false, "displayname": null, "email": null, "title": null, "homedirectory": null, "description": null, "userpassword": null, "admincount": true, "sidhistory": []}, "Aces": [{"RightName": "Owner", "AceType": "", "IsInherited": false, "PrincipalSID": "S-1-5-21-2633719317-1471316042-3957863514-512", "PrincipalType": "Group"}, {"RightName": "GenericWrite", "AceType": "", "IsInherited": false, "PrincipalSID": "S-1-5-21-2633719317-1471316042-3957863514-512", "PrincipalType": "Group"}, {"RightName": "WriteOwner", "AceType": "", "IsInherited": false, "PrincipalSID": "S-1-5-21-2633719317-1471316042-3957863514-512", "PrincipalType": "Group"}, {"RightName": "ExtendedRight", "AceType": "All", "IsInherited": false, "PrincipalSID": "S-1-5-21-2633719317-1471316042-3957863514-512", "PrincipalType": "Group"}, {"RightName": "WriteDacl", "AceType": "", "IsInherited": false, "PrincipalSID": "S-1-5-21-2633719317-1471316042-3957863514-512", "PrincipalType": "Group"}, {"RightName": "GenericWrite", "AceType": "", "IsInherited": false, "PrincipalSID": "S-1-5-21-2633719317-1471316042-3957863514-519", "PrincipalType": "Group"}, {"RightName": "WriteOwner", "AceType": "", "IsInherited": false, "PrincipalSID": "S-1-5-21-2633719317-1471316042-3957863514-519", "PrincipalType": "Group"}, {"RightName": "ExtendedRight", "AceType": "All", "IsInherited": false, "PrincipalSID": "S-1-5-21-2633719317-1471316042-3957863514-519", "PrincipalType": "Group"}, {"RightName": "WriteDacl", "AceType": "", "IsInherited": false, "PrincipalSID": "S-1-5-21-2633719317-1471316042-3957863514-519", "PrincipalType": "Group"}, {"RightName": "GenericWrite", "AceType": "", "IsInherited": false, "PrincipalSID": "FABRICORP.LOCAL-S-1-5-32-544", "PrincipalType": "Group"}, {"RightName": "WriteOwner", "AceType": "", "IsInherited": false, "PrincipalSID": "FABRICORP.LOCAL-S-1-5-32-544", "PrincipalType": "Group"}, {"RightName": "ExtendedRight", "AceType": "All", "IsInherited": false, "PrincipalSID": "FABRICORP.LOCAL-S-1-5-32-544", "PrincipalType": "Group"}, {"RightName": "WriteDacl", "AceType": "", "IsInherited": false, "PrincipalSID": "FABRICORP.LOCAL-S-1-5-32-544", "PrincipalType": "Group"}], "SPNTargets": [], "HasSIDHistory": []},{"AllowedToDelegate": [], "ObjectIdentifier": "S-1-5-21-2633719317-1471316042-3957863514-500", "PrimaryGroupSid": "S-1-5-21-2633719317-1471316042-3957863514-513", "Properties": {"name": "ADMINISTRATOR@FABRICORP.LOCAL", "domain": "FABRICORP.LOCAL", "objectid": "S-1-5-21-2633719317-1471316042-3957863514-500", "distinguishedname": "CN=Administrator,CN=Users,DC=fabricorp,DC=local", "highvalue": false, "unconstraineddelegation": false, "passwordnotreqd": false, "enabled": true, "lastlogon": 1629294583, "lastlogontimestamp": 1629294566, "pwdlastset": 1590884783, "dontreqpreauth": false, "pwdneverexpires": true, "sensitive": false, "serviceprincipalnames": [], "hasspn": false, "displayname": null, "email": null, "title": null, "homedirectory": null, "description": "Built-in account for administering the computer/domain", "userpassword": null, "admincount": true, "sidhistory": []}, "Aces": [{"RightName": "Owner", "AceType": "", "IsInherited": false, "PrincipalSID": "S-1-5-21-2633719317-1471316042-3957863514-512", "PrincipalType": "Group"}, {"RightName": "GenericWrite", "AceType": "", "IsInherited": false, "PrincipalSID": "S-1-5-21-2633719317-1471316042-3957863514-512", "PrincipalType": "Group"}, {"RightName": "WriteOwner", "AceType": "", "IsInherited": false, "PrincipalSID": "S-1-5-21-2633719317-1471316042-3957863514-512", "PrincipalType": "Group"}, {"RightName": "ExtendedRight", "AceType": "All", "IsInherited": false, "PrincipalSID": "S-1-5-21-2633719317-1471316042-3957863514-512", "PrincipalType": "Group"}, {"RightName": "WriteDacl", "AceType": "", "IsInherited": false, "PrincipalSID": "S-1-5-21-2633719317-1471316042-3957863514-512", "PrincipalType": "Group"}, {"RightName": "GenericWrite", "AceType": "", "IsInherited": false, "PrincipalSID": "S-1-5-21-2633719317-1471316042-3957863514-519", "PrincipalType": "Group"}, {"RightName": "WriteOwner", "AceType": "", "IsInherited": false, "PrincipalSID": "S-1-5-21-2633719317-1471316042-3957863514-519", "PrincipalType": "Group"}, {"RightName": "ExtendedRight", "AceType": "All", "IsInherited": false, "PrincipalSID": "S-1-5-21-2633719317-1471316042-3957863514-519", "PrincipalType": "Group"}, {"RightName": "WriteDacl", "AceType": "", "IsInherited": false, "PrincipalSID": "S-1-5-21-2633719317-1471316042-3957863514-519", "PrincipalType": "Group"}, {"RightName": "GenericWrite", "AceType": "", "IsInherited": false, "PrincipalSID": "FABRICORP.LOCAL-S-1-5-32-544", "PrincipalType": "Group"}, {"RightName": "WriteOwner", "AceType": "", "IsInherited": false, "PrincipalSID": "FABRICORP.LOCAL-S-1-5-32-544", "PrincipalType": "Group"}, {"RightName": "ExtendedRight", "AceType": "All", "IsInherited": false, "PrincipalSID": "FABRICORP.LOCAL-S-1-5-32-544", "PrincipalType": "Group"}, {"RightName": "WriteDacl", "AceType": "", "IsInherited": false, "PrincipalSID": "FABRICORP.LOCAL-S-1-5-32-544", "PrincipalType": "Group"}], "SPNTargets": [], "HasSIDHistory": []},{"AllowedToDelegate": [], "ObjectIdentifier": "S-1-5-21-2633719317-1471316042-3957863514-501", "PrimaryGroupSid": "S-1-5-21-2633719317-1471316042-3957863514-514", "Properties": {"name": "GUEST@FABRICORP.LOCAL", "domain": "FABRICORP.LOCAL", "objectid": "S-1-5-21-2633719317-1471316042-3957863514-501", "distinguishedname": "CN=Guest,CN=Users,DC=fabricorp,DC=local", "highvalue": false, "unconstraineddelegation": false, "passwordnotreqd": true, "enabled": false, "lastlogon": -1, "lastlogontimestamp": -1, "pwdlastset": -1, "dontreqpreauth": false, "pwdneverexpires": true, "sensitive": false, "serviceprincipalnames": [], "hasspn": false, "displayname": null, "email": null, "title": null, "homedirectory": null, "description": "Built-in account for guest access to the computer/domain", "userpassword": null, "admincount": false, "sidhistory": []}, "Aces": [{"RightName": "Owner", "AceType": "", "IsInherited": false, "PrincipalSID": "FABRICORP.LOCAL-S-1-5-32-544", "PrincipalType": "Group"}, {"RightName": "GenericAll", "AceType": "", "IsInherited": false, "PrincipalSID": "S-1-5-21-2633719317-1471316042-3957863514-512", "PrincipalType": "Group"}, {"RightName": "GenericAll", "AceType": "", "IsInherited": false, "PrincipalSID": "FABRICORP.LOCAL-S-1-5-32-548", "PrincipalType": "Group"}, {"RightName": "GenericAll", "AceType": "", "IsInherited": true, "PrincipalSID": "S-1-5-21-2633719317-1471316042-3957863514-519", "PrincipalType": "Group"}, {"RightName": "GenericWrite", "AceType": "", "IsInherited": true, "PrincipalSID": "FABRICORP.LOCAL-S-1-5-32-544", "PrincipalType": "Group"}, {"RightName": "WriteOwner", "AceType": "", "IsInherited": true, "PrincipalSID": "FABRICORP.LOCAL-S-1-5-32-544", "PrincipalType": "Group"}, {"RightName": "ExtendedRight", "AceType": "All", "IsInherited": true, "PrincipalSID": "FABRICORP.LOCAL-S-1-5-32-544", "PrincipalType": "Group"}, {"RightName": "WriteDacl", "AceType": "", "IsInherited": true, "PrincipalSID": "FABRICORP.LOCAL-S-1-5-32-544", "PrincipalType": "Group"}], "SPNTargets": [], "HasSIDHistory": []}],"meta":{"type":"users","count":15, "version":3}}