{"domains": [{"ObjectIdentifier": "S-1-5-21-2633719317-1471316042-3957863514", "Properties": {"name": "FABRICORP.LOCAL", "domain": "FABRICORP.LOCAL", "highvalue": true, "objectid": "S-1-5-21-2633719317-1471316042-3957863514", "distinguishedname": "DC=fabricorp,DC=local", "description": null, "functionallevel": "2016"}, "Trusts": [], "Aces": [{"RightName": "Owner", "AceType": "", "IsInherited": false, "PrincipalSID": "FABRICORP.LOCAL-S-1-5-32-544", "PrincipalType": "Group"}, {"RightName": "ExtendedRight", "AceType": "GetChanges", "IsInherited": false, "PrincipalSID": "S-1-5-21-2633719317-1471316042-3957863514-498", "PrincipalType": "Group"}, {"RightName": "ExtendedRight", "AceType": "GetChangesAll", "IsInherited": false, "PrincipalSID": "S-1-5-21-2633719317-1471316042-3957863514-516", "PrincipalType": "Group"}, {"RightName": "ExtendedRight", "AceType": "GetChanges", "IsInherited": false, "PrincipalSID": "FABRICORP.LOCAL-S-1-5-32-544", "PrincipalType": "Group"}, {"RightName": "ExtendedRight", "AceType": "GetChangesAll", "IsInherited": false, "PrincipalSID": "FABRICORP.LOCAL-S-1-5-32-544", "PrincipalType": "Group"}, {"RightName": "ExtendedRight", "AceType": "GetChanges", "IsInherited": false, "PrincipalSID": "FABRICORP.LOCAL-S-1-5-9", "PrincipalType": "Group"}, {"RightName": "GenericWrite", "AceType": "", "IsInherited": false, "PrincipalSID": "S-1-5-21-2633719317-1471316042-3957863514-512", "PrincipalType": "Group"}, {"RightName": "WriteOwner", "AceType": "", "IsInherited": false, "PrincipalSID": "S-1-5-21-2633719317-1471316042-3957863514-512", "PrincipalType": "Group"}, {"RightName": "ExtendedRight", "AceType": "All", "IsInherited": false, "PrincipalSID": "S-1-5-21-2633719317-1471316042-3957863514-512", "PrincipalType": "Group"}, {"RightName": "WriteDacl", "AceType": "", "IsInherited": false, "PrincipalSID": "S-1-5-21-2633719317-1471316042-3957863514-512", "PrincipalType": "Group"}, {"RightName": "GenericAll", "AceType": "", "IsInherited": false, "PrincipalSID": "S-1-5-21-2633719317-1471316042-3957863514-519", "PrincipalType": "Group"}, {"RightName": "GenericWrite", "AceType": "", "IsInherited": false, "PrincipalSID": "FABRICORP.LOCAL-S-1-5-32-544", "PrincipalType": "Group"}, {"RightName": "WriteOwner", "AceType": "", "IsInherited": false, "PrincipalSID": "FABRICORP.LOCAL-S-1-5-32-544", "PrincipalType": "Group"}, {"RightName": "ExtendedRight", "AceType": "All", "IsInherited": false, "PrincipalSID": "FABRICORP.LOCAL-S-1-5-32-544", "PrincipalType": "Group"}, {"RightName": "WriteDacl", "AceType": "", "IsInherited": false, "PrincipalSID": "FABRICORP.LOCAL-S-1-5-32-544", "PrincipalType": "Group"}], "Links": [], "Users": [], "Computers": [], "ChildOus": []}], "meta": {"type": "domains", "count": 1, "version": 3}}