{"computers":[{"ObjectIdentifier": "S-1-5-21-2633719317-1471316042-3957863514-1000", "AllowedToAct": [], "PrimaryGroupSid": "S-1-5-21-2633719317-1471316042-3957863514-516", "LocalAdmins": [{"MemberId": "S-1-5-21-2633719317-1471316042-3957863514-519", "MemberType": "Group"}, {"MemberId": "S-1-5-21-2633719317-1471316042-3957863514-512", "MemberType": "Group"}, {"MemberId": "S-1-5-21-2633719317-1471316042-3957863514-500", "MemberType": "User"}], "PSRemoteUsers": [{"MemberId": "S-1-5-21-2633719317-1471316042-3957863514-1604", "MemberType": "Group"}], "Properties": {"name": "FUSE.FABRICORP.LOCAL", "objectid": "S-1-5-21-2633719317-1471316042-3957863514-1000", "domain": "FABRICORP.LOCAL", "highvalue": false, "distinguishedname": "CN=FUSE,OU=Domain Controllers,DC=fabricorp,DC=local", "unconstraineddelegation": true, "enabled": true, "haslaps": false, "lastlogontimestamp": 1629294565, "pwdlastset": 1629294553, "serviceprincipalnames": ["Dfsr-12F9A27C-BF97-4787-9364-D31B6C55EB04/Fuse.fabricorp.local", "ldap/Fuse.fabricorp.local/ForestDnsZones.fabricorp.local", "ldap/Fuse.fabricorp.local/DomainDnsZones.fabricorp.local", "DNS/Fuse.fabricorp.local", "GC/Fuse.fabricorp.local/fabricorp.local", "RestrictedKrbHost/Fuse.fabricorp.local", "RestrictedKrbHost/FUSE", "RPC/84557026-3fe7-44b1-b67b-fb865b153458._msdcs.fabricorp.local", "HOST/FUSE/FABRICORP", "HOST/Fuse.fabricorp.local/FABRICORP", "HOST/FUSE", "HOST/Fuse.fabricorp.local", "HOST/Fuse.fabricorp.local/fabricorp.local", "E3514235-4B06-11D1-AB04-00C04FC2DCD2/84557026-3fe7-44b1-b67b-fb865b153458/fabricorp.local", "ldap/FUSE/FABRICORP", "ldap/84557026-3fe7-44b1-b67b-fb865b153458._msdcs.fabricorp.local", "ldap/Fuse.fabricorp.local/FABRICORP", "ldap/FUSE", "ldap/Fuse.fabricorp.local", "ldap/Fuse.fabricorp.local/fabricorp.local"], "description": null, "operatingsystem": "Windows Server 2016 Standard"}, "RemoteDesktopUsers": [], "DcomUsers": [], "AllowedToDelegate": [], "Sessions": [], "Aces": [{"RightName": "Owner", "AceType": "", "IsInherited": false, "PrincipalSID": "S-1-5-21-2633719317-1471316042-3957863514-512", "PrincipalType": "Group"}, {"RightName": "GenericAll", "AceType": "", "IsInherited": false, "PrincipalSID": "S-1-5-21-2633719317-1471316042-3957863514-512", "PrincipalType": "Group"}, {"RightName": "WriteProperty", "AceType": "AllowedToAct", "IsInherited": true, "PrincipalSID": "FABRICORP.LOCAL-S-1-5-10", "PrincipalType": "User"}, {"RightName": "GenericAll", "AceType": "", "IsInherited": true, "PrincipalSID": "S-1-5-21-2633719317-1471316042-3957863514-519", "PrincipalType": "Group"}, {"RightName": "GenericWrite", "AceType": "", "IsInherited": true, "PrincipalSID": "FABRICORP.LOCAL-S-1-5-32-544", "PrincipalType": "Group"}, {"RightName": "WriteOwner", "AceType": "", "IsInherited": true, "PrincipalSID": "FABRICORP.LOCAL-S-1-5-32-544", "PrincipalType": "Group"}, {"RightName": "WriteDacl", "AceType": "", "IsInherited": true, "PrincipalSID": "FABRICORP.LOCAL-S-1-5-32-544", "PrincipalType": "Group"}]}],"meta":{"type":"computers","count":1, "version":3}}