{"groups":[{"ObjectIdentifier": "S-1-5-21-2633719317-1471316042-3957863514-1102", "Properties": {"domain": "FABRICORP.LOCAL", "objectid": "S-1-5-21-2633719317-1471316042-3957863514-1102", "highvalue": false, "name": "DNSUPDATEPROXY@FABRICORP.LOCAL", "distinguishedname": "CN=DnsUpdateProxy,CN=Users,DC=fabricorp,DC=local", "admincount": false, "description": "DNS clients who are permitted to perform dynamic updates on behalf of some other clients (such as DHCP servers)."}, "Members": [], "Aces": [{"RightName": "GenericAll", "AceType": "", "IsInherited": false, "PrincipalSID": "S-1-5-21-2633719317-1471316042-3957863514-512", "PrincipalType": "Group"}, {"RightName": "GenericAll", "AceType": "", "IsInherited": false, "PrincipalSID": "FABRICORP.LOCAL-S-1-5-32-548", "PrincipalType": "Group"}, {"RightName": "GenericAll", "AceType": "", "IsInherited": true, "PrincipalSID": "S-1-5-21-2633719317-1471316042-3957863514-519", "PrincipalType": "Group"}, {"RightName": "GenericWrite", "AceType": "", "IsInherited": true, "PrincipalSID": "FABRICORP.LOCAL-S-1-5-32-544", "PrincipalType": "Group"}, {"RightName": "WriteOwner", "AceType": "", "IsInherited": true, "PrincipalSID": "FABRICORP.LOCAL-S-1-5-32-544", "PrincipalType": "Group"}, {"RightName": "WriteDacl", "AceType": "", "IsInherited": true, "PrincipalSID": "FABRICORP.LOCAL-S-1-5-32-544", "PrincipalType": "Group"}]},{"ObjectIdentifier": "S-1-5-21-2633719317-1471316042-3957863514-527", "Properties": {"domain": "FABRICORP.LOCAL", "objectid": "S-1-5-21-2633719317-1471316042-3957863514-527", "highvalue": false, "name": "ENTERPRISE KEY ADMINS@FABRICORP.LOCAL", "distinguishedname": "CN=Enterprise Key Admins,CN=Users,DC=fabricorp,DC=local", "admincount": false, "description": "Members of this group can perform administrative actions on key objects within the forest."}, "Members": [], "Aces": [{"RightName": "Owner", "AceType": "", "IsInherited": false, "PrincipalSID": "S-1-5-21-2633719317-1471316042-3957863514-512", "PrincipalType": "Group"}, {"RightName": "GenericAll", "AceType": "", "IsInherited": false, "PrincipalSID": "S-1-5-21-2633719317-1471316042-3957863514-512", "PrincipalType": "Group"}, {"RightName": "GenericAll", "AceType": "", "IsInherited": false, "PrincipalSID": "FABRICORP.LOCAL-S-1-5-32-548", "PrincipalType": "Group"}, {"RightName": "GenericAll", "AceType": "", "IsInherited": true, "PrincipalSID": "S-1-5-21-2633719317-1471316042-3957863514-519", "PrincipalType": "Group"}, {"RightName": "GenericWrite", "AceType": "", "IsInherited": true, "PrincipalSID": "FABRICORP.LOCAL-S-1-5-32-544", "PrincipalType": "Group"}, {"RightName": "WriteOwner", "AceType": "", "IsInherited": true, "PrincipalSID": "FABRICORP.LOCAL-S-1-5-32-544", "PrincipalType": "Group"}, {"RightName": "WriteDacl", "AceType": "", "IsInherited": true, "PrincipalSID": "FABRICORP.LOCAL-S-1-5-32-544", "PrincipalType": "Group"}]},{"ObjectIdentifier": "S-1-5-21-2633719317-1471316042-3957863514-1101", "Properties": {"domain": "FABRICORP.LOCAL", "objectid": "S-1-5-21-2633719317-1471316042-3957863514-1101", "highvalue": false, "name": "DNSADMINS@FABRICORP.LOCAL", "distinguishedname": "CN=DnsAdmins,CN=Users,DC=fabricorp,DC=local", "admincount": false, "description": "DNS Administrators Group"}, "Members": [], "Aces": [{"RightName": "GenericAll", "AceType": "", "IsInherited": false, "PrincipalSID": "S-1-5-21-2633719317-1471316042-3957863514-512", "PrincipalType": "Group"}, {"RightName": "GenericAll", "AceType": "", "IsInherited": false, "PrincipalSID": "FABRICORP.LOCAL-S-1-5-32-548", "PrincipalType": "Group"}, {"RightName": "GenericAll", "AceType": "", "IsInherited": true, "PrincipalSID": "S-1-5-21-2633719317-1471316042-3957863514-519", "PrincipalType": "Group"}, {"RightName": "GenericWrite", "AceType": "", "IsInherited": true, "PrincipalSID": "FABRICORP.LOCAL-S-1-5-32-544", "PrincipalType": "Group"}, {"RightName": "WriteOwner", "AceType": "", "IsInherited": true, "PrincipalSID": "FABRICORP.LOCAL-S-1-5-32-544", "PrincipalType": "Group"}, {"RightName": "WriteDacl", "AceType": "", "IsInherited": true, "PrincipalSID": "FABRICORP.LOCAL-S-1-5-32-544", "PrincipalType": "Group"}]},{"ObjectIdentifier": "S-1-5-21-2633719317-1471316042-3957863514-526", "Properties": {"domain": "FABRICORP.LOCAL", "objectid": "S-1-5-21-2633719317-1471316042-3957863514-526", "highvalue": false, "name": "KEY ADMINS@FABRICORP.LOCAL", "distinguishedname": "CN=Key Admins,CN=Users,DC=fabricorp,DC=local", "admincount": false, "description": "Members of this group can perform administrative actions on key objects within the domain."}, "Members": [], "Aces": [{"RightName": "Owner", "AceType": "", "IsInherited": false, "PrincipalSID": "S-1-5-21-2633719317-1471316042-3957863514-512", "PrincipalType": "Group"}, {"RightName": "GenericAll", "AceType": "", "IsInherited": false, "PrincipalSID": "S-1-5-21-2633719317-1471316042-3957863514-512", "PrincipalType": "Group"}, {"RightName": "GenericAll", "AceType": "", "IsInherited": false, "PrincipalSID": "FABRICORP.LOCAL-S-1-5-32-548", "PrincipalType": "Group"}, {"RightName": "GenericAll", "AceType": "", "IsInherited": true, "PrincipalSID": "S-1-5-21-2633719317-1471316042-3957863514-519", "PrincipalType": "Group"}, {"RightName": "GenericWrite", "AceType": "", "IsInherited": true, "PrincipalSID": "FABRICORP.LOCAL-S-1-5-32-544", "PrincipalType": "Group"}, {"RightName": "WriteOwner", "AceType": "", "IsInherited": true, "PrincipalSID": "FABRICORP.LOCAL-S-1-5-32-544", "PrincipalType": "Group"}, {"RightName": "WriteDacl", "AceType": "", "IsInherited": true, "PrincipalSID": "FABRICORP.LOCAL-S-1-5-32-544", "PrincipalType": "Group"}]},{"ObjectIdentifier": "S-1-5-21-2633719317-1471316042-3957863514-1604", "Properties": {"domain": "FABRICORP.LOCAL", "objectid": "S-1-5-21-2633719317-1471316042-3957863514-1604", "highvalue": false, "name": "IT_ACCOUNTS@FABRICORP.LOCAL", "distinguishedname": "CN=IT_Accounts,CN=Users,DC=fabricorp,DC=local", "admincount": false, "description": null}, "Members": [{"MemberId": "S-1-5-21-2633719317-1471316042-3957863514-1601", "MemberType": "User"}, {"MemberId": "S-1-5-21-2633719317-1471316042-3957863514-1104", "MemberType": "User"}], "Aces": [{"RightName": "Owner", "AceType": "", "IsInherited": false, "PrincipalSID": "S-1-5-21-2633719317-1471316042-3957863514-512", "PrincipalType": "Group"}, {"RightName": "GenericAll", "AceType": "", "IsInherited": false, "PrincipalSID": "S-1-5-21-2633719317-1471316042-3957863514-512", "PrincipalType": "Group"}, {"RightName": "GenericAll", "AceType": "", "IsInherited": false, "PrincipalSID": "FABRICORP.LOCAL-S-1-5-32-548", "PrincipalType": "Group"}, {"RightName": "GenericAll", "AceType": "", "IsInherited": true, "PrincipalSID": "S-1-5-21-2633719317-1471316042-3957863514-519", "PrincipalType": "Group"}, {"RightName": "GenericWrite", "AceType": "", "IsInherited": true, "PrincipalSID": "FABRICORP.LOCAL-S-1-5-32-544", "PrincipalType": "Group"}, {"RightName": "WriteOwner", "AceType": "", "IsInherited": true, "PrincipalSID": "FABRICORP.LOCAL-S-1-5-32-544", "PrincipalType": "Group"}, {"RightName": "WriteDacl", "AceType": "", "IsInherited": true, "PrincipalSID": "FABRICORP.LOCAL-S-1-5-32-544", "PrincipalType": "Group"}]},{"ObjectIdentifier": "S-1-5-21-2633719317-1471316042-3957863514-525", "Properties": {"domain": "FABRICORP.LOCAL", "objectid": "S-1-5-21-2633719317-1471316042-3957863514-525", "highvalue": false, "name": "PROTECTED USERS@FABRICORP.LOCAL", "distinguishedname": "CN=Protected Users,CN=Users,DC=fabricorp,DC=local", "admincount": false, "description": "Members of this group are afforded additional protections against authentication security threats. See http://go.microsoft.com/fwlink/?LinkId=298939 for more information."}, "Members": [], "Aces": [{"RightName": "Owner", "AceType": "", "IsInherited": false, "PrincipalSID": "S-1-5-21-2633719317-1471316042-3957863514-512", "PrincipalType": "Group"}, {"RightName": "GenericAll", "AceType": "", "IsInherited": false, "PrincipalSID": "S-1-5-21-2633719317-1471316042-3957863514-512", "PrincipalType": "Group"}, {"RightName": "GenericAll", "AceType": "", "IsInherited": false, "PrincipalSID": "FABRICORP.LOCAL-S-1-5-32-548", "PrincipalType": "Group"}, {"RightName": "GenericAll", "AceType": "", "IsInherited": true, "PrincipalSID": "S-1-5-21-2633719317-1471316042-3957863514-519", "PrincipalType": "Group"}, {"RightName": "GenericWrite", "AceType": "", "IsInherited": true, "PrincipalSID": "FABRICORP.LOCAL-S-1-5-32-544", "PrincipalType": "Group"}, {"RightName": "WriteOwner", "AceType": "", "IsInherited": true, "PrincipalSID": "FABRICORP.LOCAL-S-1-5-32-544", "PrincipalType": "Group"}, {"RightName": "WriteDacl", "AceType": "", "IsInherited": true, "PrincipalSID": "FABRICORP.LOCAL-S-1-5-32-544", "PrincipalType": "Group"}]},{"ObjectIdentifier": "S-1-5-21-2633719317-1471316042-3957863514-522", "Properties": {"domain": "FABRICORP.LOCAL", "objectid": "S-1-5-21-2633719317-1471316042-3957863514-522", "highvalue": false, "name": "CLONEABLE DOMAIN CONTROLLERS@FABRICORP.LOCAL", "distinguishedname": "CN=Cloneable Domain Controllers,CN=Users,DC=fabricorp,DC=local", "admincount": false, "description": "Members of this group that are domain controllers may be cloned."}, "Members": [], "Aces": [{"RightName": "Owner", "AceType": "", "IsInherited": false, "PrincipalSID": "S-1-5-21-2633719317-1471316042-3957863514-512", "PrincipalType": "Group"}, {"RightName": "GenericAll", "AceType": "", "IsInherited": false, "PrincipalSID": "S-1-5-21-2633719317-1471316042-3957863514-512", "PrincipalType": "Group"}, {"RightName": "GenericAll", "AceType": "", "IsInherited": false, "PrincipalSID": "FABRICORP.LOCAL-S-1-5-32-548", "PrincipalType": "Group"}, {"RightName": "GenericAll", "AceType": "", "IsInherited": true, "PrincipalSID": "S-1-5-21-2633719317-1471316042-3957863514-519", "PrincipalType": "Group"}, {"RightName": "GenericWrite", "AceType": "", "IsInherited": true, "PrincipalSID": "FABRICORP.LOCAL-S-1-5-32-544", "PrincipalType": "Group"}, {"RightName": "WriteOwner", "AceType": "", "IsInherited": true, "PrincipalSID": "FABRICORP.LOCAL-S-1-5-32-544", "PrincipalType": "Group"}, {"RightName": "WriteDacl", "AceType": "", "IsInherited": true, "PrincipalSID": "FABRICORP.LOCAL-S-1-5-32-544", "PrincipalType": "Group"}]},{"ObjectIdentifier": "S-1-5-21-2633719317-1471316042-3957863514-521", "Properties": {"domain": "FABRICORP.LOCAL", "objectid": "S-1-5-21-2633719317-1471316042-3957863514-521", "highvalue": false, "name": "READ-ONLY DOMAIN CONTROLLERS@FABRICORP.LOCAL", "distinguishedname": "CN=Read-only Domain Controllers,CN=Users,DC=fabricorp,DC=local", "admincount": true, "description": "Members of this group are Read-Only Domain Controllers in the domain"}, "Members": [], "Aces": [{"RightName": "Owner", "AceType": "", "IsInherited": false, "PrincipalSID": "S-1-5-21-2633719317-1471316042-3957863514-512", "PrincipalType": "Group"}, {"RightName": "GenericWrite", "AceType": "", "IsInherited": false, "PrincipalSID": "S-1-5-21-2633719317-1471316042-3957863514-512", "PrincipalType": "Group"}, {"RightName": "WriteOwner", "AceType": "", "IsInherited": false, "PrincipalSID": "S-1-5-21-2633719317-1471316042-3957863514-512", "PrincipalType": "Group"}, {"RightName": "WriteDacl", "AceType": "", "IsInherited": false, "PrincipalSID": "S-1-5-21-2633719317-1471316042-3957863514-512", "PrincipalType": "Group"}, {"RightName": "GenericWrite", "AceType": "", "IsInherited": false, "PrincipalSID": "S-1-5-21-2633719317-1471316042-3957863514-519", "PrincipalType": "Group"}, {"RightName": "WriteOwner", "AceType": "", "IsInherited": false, "PrincipalSID": "S-1-5-21-2633719317-1471316042-3957863514-519", "PrincipalType": "Group"}, {"RightName": "WriteDacl", "AceType": "", "IsInherited": false, "PrincipalSID": "S-1-5-21-2633719317-1471316042-3957863514-519", "PrincipalType": "Group"}, {"RightName": "GenericWrite", "AceType": "", "IsInherited": false, "PrincipalSID": "FABRICORP.LOCAL-S-1-5-32-544", "PrincipalType": "Group"}, {"RightName": "WriteOwner", "AceType": "", "IsInherited": false, "PrincipalSID": "FABRICORP.LOCAL-S-1-5-32-544", "PrincipalType": "Group"}, {"RightName": "WriteDacl", "AceType": "", "IsInherited": false, "PrincipalSID": "FABRICORP.LOCAL-S-1-5-32-544", "PrincipalType": "Group"}]},{"ObjectIdentifier": "S-1-5-21-2633719317-1471316042-3957863514-498", "Properties": {"domain": "FABRICORP.LOCAL", "objectid": "S-1-5-21-2633719317-1471316042-3957863514-498", "highvalue": false, "name": "ENTERPRISE READ-ONLY DOMAIN CONTROLLERS@FABRICORP.LOCAL", "distinguishedname": "CN=Enterprise Read-only Domain Controllers,CN=Users,DC=fabricorp,DC=local", "admincount": false, "description": "Members of this group are Read-Only Domain Controllers in the enterprise"}, "Members": [], "Aces": [{"RightName": "Owner", "AceType": "", "IsInherited": false, "PrincipalSID": "S-1-5-21-2633719317-1471316042-3957863514-512", "PrincipalType": "Group"}, {"RightName": "GenericAll", "AceType": "", "IsInherited": false, "PrincipalSID": "S-1-5-21-2633719317-1471316042-3957863514-512", "PrincipalType": "Group"}, {"RightName": "GenericAll", "AceType": "", "IsInherited": false, "PrincipalSID": "FABRICORP.LOCAL-S-1-5-32-548", "PrincipalType": "Group"}, {"RightName": "GenericAll", "AceType": "", "IsInherited": true, "PrincipalSID": "S-1-5-21-2633719317-1471316042-3957863514-519", "PrincipalType": "Group"}, {"RightName": "GenericWrite", "AceType": "", "IsInherited": true, "PrincipalSID": "FABRICORP.LOCAL-S-1-5-32-544", "PrincipalType": "Group"}, {"RightName": "WriteOwner", "AceType": "", "IsInherited": true, "PrincipalSID": "FABRICORP.LOCAL-S-1-5-32-544", "PrincipalType": "Group"}, {"RightName": "WriteDacl", "AceType": "", "IsInherited": true, "PrincipalSID": "FABRICORP.LOCAL-S-1-5-32-544", "PrincipalType": "Group"}]},{"ObjectIdentifier": "S-1-5-21-2633719317-1471316042-3957863514-572", "Properties": {"domain": "FABRICORP.LOCAL", "objectid": "S-1-5-21-2633719317-1471316042-3957863514-572", "highvalue": false, "name": "DENIED RODC PASSWORD REPLICATION GROUP@FABRICORP.LOCAL", "distinguishedname": "CN=Denied RODC Password Replication Group,CN=Users,DC=fabricorp,DC=local", "admincount": false, "description": "Members in this group cannot have their passwords replicated to any read-only domain controllers in the domain"}, "Members": [{"MemberId": "S-1-5-21-2633719317-1471316042-3957863514-521", "MemberType": "Group"}, {"MemberId": "S-1-5-21-2633719317-1471316042-3957863514-520", "MemberType": "Group"}, {"MemberId": "S-1-5-21-2633719317-1471316042-3957863514-512", "MemberType": "Group"}, {"MemberId": "S-1-5-21-2633719317-1471316042-3957863514-517", "MemberType": "Group"}, {"MemberId": "S-1-5-21-2633719317-1471316042-3957863514-519", "MemberType": "Group"}, {"MemberId": "S-1-5-21-2633719317-1471316042-3957863514-518", "MemberType": "Group"}, {"MemberId": "S-1-5-21-2633719317-1471316042-3957863514-516", "MemberType": "Group"}, {"MemberId": "S-1-5-21-2633719317-1471316042-3957863514-502", "MemberType": "User"}], "Aces": [{"RightName": "Owner", "AceType": "", "IsInherited": false, "PrincipalSID": "S-1-5-21-2633719317-1471316042-3957863514-512", "PrincipalType": "Group"}, {"RightName": "GenericAll", "AceType": "", "IsInherited": false, "PrincipalSID": "S-1-5-21-2633719317-1471316042-3957863514-512", "PrincipalType": "Group"}, {"RightName": "GenericAll", "AceType": "", "IsInherited": false, "PrincipalSID": "FABRICORP.LOCAL-S-1-5-32-548", "PrincipalType": "Group"}, {"RightName": "GenericAll", "AceType": "", "IsInherited": true, "PrincipalSID": "S-1-5-21-2633719317-1471316042-3957863514-519", "PrincipalType": "Group"}, {"RightName": "GenericWrite", "AceType": "", "IsInherited": true, "PrincipalSID": "FABRICORP.LOCAL-S-1-5-32-544", "PrincipalType": "Group"}, {"RightName": "WriteOwner", "AceType": "", "IsInherited": true, "PrincipalSID": "FABRICORP.LOCAL-S-1-5-32-544", "PrincipalType": "Group"}, {"RightName": "WriteDacl", "AceType": "", "IsInherited": true, "PrincipalSID": "FABRICORP.LOCAL-S-1-5-32-544", "PrincipalType": "Group"}]},{"ObjectIdentifier": "FABRICORP.LOCAL-S-1-5-32-561", "Properties": {"domain": "FABRICORP.LOCAL", "objectid": "FABRICORP.LOCAL-S-1-5-32-561", "highvalue": false, "name": "TERMINAL SERVER LICENSE SERVERS@FABRICORP.LOCAL", "distinguishedname": "CN=Terminal Server License Servers,CN=Builtin,DC=fabricorp,DC=local", "admincount": false, "description": "Members of this group can update user accounts in Active Directory with information about license issuance, for the purpose of tracking and reporting TS Per User CAL usage"}, "Members": [], "Aces": [{"RightName": "Owner", "AceType": "", "IsInherited": false, "PrincipalSID": "S-1-5-21-2633719317-1471316042-3957863514-512", "PrincipalType": "Group"}, {"RightName": "GenericAll", "AceType": "", "IsInherited": false, "PrincipalSID": "S-1-5-21-2633719317-1471316042-3957863514-512", "PrincipalType": "Group"}, {"RightName": "GenericAll", "AceType": "", "IsInherited": false, "PrincipalSID": "FABRICORP.LOCAL-S-1-5-32-548", "PrincipalType": "Group"}, {"RightName": "GenericAll", "AceType": "", "IsInherited": true, "PrincipalSID": "S-1-5-21-2633719317-1471316042-3957863514-519", "PrincipalType": "Group"}, {"RightName": "GenericWrite", "AceType": "", "IsInherited": true, "PrincipalSID": "FABRICORP.LOCAL-S-1-5-32-544", "PrincipalType": "Group"}, {"RightName": "WriteOwner", "AceType": "", "IsInherited": true, "PrincipalSID": "FABRICORP.LOCAL-S-1-5-32-544", "PrincipalType": "Group"}, {"RightName": "WriteDacl", "AceType": "", "IsInherited": true, "PrincipalSID": "FABRICORP.LOCAL-S-1-5-32-544", "PrincipalType": "Group"}]},{"ObjectIdentifier": "S-1-5-21-2633719317-1471316042-3957863514-571", "Properties": {"domain": "FABRICORP.LOCAL", "objectid": "S-1-5-21-2633719317-1471316042-3957863514-571", "highvalue": false, "name": "ALLOWED RODC PASSWORD REPLICATION GROUP@FABRICORP.LOCAL", "distinguishedname": "CN=Allowed RODC Password Replication Group,CN=Users,DC=fabricorp,DC=local", "admincount": false, "description": "Members in this group can have their passwords replicated to all read-only domain controllers in the domain"}, "Members": [], "Aces": [{"RightName": "Owner", "AceType": "", "IsInherited": false, "PrincipalSID": "S-1-5-21-2633719317-1471316042-3957863514-512", "PrincipalType": "Group"}, {"RightName": "GenericAll", "AceType": "", "IsInherited": false, "PrincipalSID": "S-1-5-21-2633719317-1471316042-3957863514-512", "PrincipalType": "Group"}, {"RightName": "GenericAll", "AceType": "", "IsInherited": false, "PrincipalSID": "FABRICORP.LOCAL-S-1-5-32-548", "PrincipalType": "Group"}, {"RightName": "GenericAll", "AceType": "", "IsInherited": true, "PrincipalSID": "S-1-5-21-2633719317-1471316042-3957863514-519", "PrincipalType": "Group"}, {"RightName": "GenericWrite", "AceType": "", "IsInherited": true, "PrincipalSID": "FABRICORP.LOCAL-S-1-5-32-544", "PrincipalType": "Group"}, {"RightName": "WriteOwner", "AceType": "", "IsInherited": true, "PrincipalSID": "FABRICORP.LOCAL-S-1-5-32-544", "PrincipalType": "Group"}, {"RightName": "WriteDacl", "AceType": "", "IsInherited": true, "PrincipalSID": "FABRICORP.LOCAL-S-1-5-32-544", "PrincipalType": "Group"}]},{"ObjectIdentifier": "FABRICORP.LOCAL-S-1-5-32-560", "Properties": {"domain": "FABRICORP.LOCAL", "objectid": "FABRICORP.LOCAL-S-1-5-32-560", "highvalue": false, "name": "WINDOWS AUTHORIZATION ACCESS GROUP@FABRICORP.LOCAL", "distinguishedname": "CN=Windows Authorization Access Group,CN=Builtin,DC=fabricorp,DC=local", "admincount": false, "description": "Members of this group have access to the computed tokenGroupsGlobalAndUniversal attribute on User objects"}, "Members": [{"MemberId": "FABRICORP.LOCAL-S-1-5-9", "MemberType": "Group"}], "Aces": [{"RightName": "Owner", "AceType": "", "IsInherited": false, "PrincipalSID": "S-1-5-21-2633719317-1471316042-3957863514-512", "PrincipalType": "Group"}, {"RightName": "GenericAll", "AceType": "", "IsInherited": false, "PrincipalSID": "S-1-5-21-2633719317-1471316042-3957863514-512", "PrincipalType": "Group"}, {"RightName": "GenericAll", "AceType": "", "IsInherited": false, "PrincipalSID": "FABRICORP.LOCAL-S-1-5-32-548", "PrincipalType": "Group"}, {"RightName": "GenericAll", "AceType": "", "IsInherited": true, "PrincipalSID": "S-1-5-21-2633719317-1471316042-3957863514-519", "PrincipalType": "Group"}, {"RightName": "GenericWrite", "AceType": "", "IsInherited": true, "PrincipalSID": "FABRICORP.LOCAL-S-1-5-32-544", "PrincipalType": "Group"}, {"RightName": "WriteOwner", "AceType": "", "IsInherited": true, "PrincipalSID": "FABRICORP.LOCAL-S-1-5-32-544", "PrincipalType": "Group"}, {"RightName": "WriteDacl", "AceType": "", "IsInherited": true, "PrincipalSID": "FABRICORP.LOCAL-S-1-5-32-544", "PrincipalType": "Group"}]},{"ObjectIdentifier": "FABRICORP.LOCAL-S-1-5-32-557", "Properties": {"domain": "FABRICORP.LOCAL", "objectid": "FABRICORP.LOCAL-S-1-5-32-557", "highvalue": false, "name": "INCOMING FOREST TRUST BUILDERS@FABRICORP.LOCAL", "distinguishedname": "CN=Incoming Forest Trust Builders,CN=Builtin,DC=fabricorp,DC=local", "admincount": false, "description": "Members of this group can create incoming, one-way trusts to this forest"}, "Members": [], "Aces": [{"RightName": "Owner", "AceType": "", "IsInherited": false, "PrincipalSID": "S-1-5-21-2633719317-1471316042-3957863514-512", "PrincipalType": "Group"}, {"RightName": "GenericAll", "AceType": "", "IsInherited": false, "PrincipalSID": "S-1-5-21-2633719317-1471316042-3957863514-512", "PrincipalType": "Group"}, {"RightName": "GenericAll", "AceType": "", "IsInherited": false, "PrincipalSID": "FABRICORP.LOCAL-S-1-5-32-548", "PrincipalType": "Group"}, {"RightName": "GenericAll", "AceType": "", "IsInherited": true, "PrincipalSID": "S-1-5-21-2633719317-1471316042-3957863514-519", "PrincipalType": "Group"}, {"RightName": "GenericWrite", "AceType": "", "IsInherited": true, "PrincipalSID": "FABRICORP.LOCAL-S-1-5-32-544", "PrincipalType": "Group"}, {"RightName": "WriteOwner", "AceType": "", "IsInherited": true, "PrincipalSID": "FABRICORP.LOCAL-S-1-5-32-544", "PrincipalType": "Group"}, {"RightName": "WriteDacl", "AceType": "", "IsInherited": true, "PrincipalSID": "FABRICORP.LOCAL-S-1-5-32-544", "PrincipalType": "Group"}]},{"ObjectIdentifier": "FABRICORP.LOCAL-S-1-5-32-548", "Properties": {"domain": "FABRICORP.LOCAL", "objectid": "FABRICORP.LOCAL-S-1-5-32-548", "highvalue": true, "name": "ACCOUNT OPERATORS@FABRICORP.LOCAL", "distinguishedname": "CN=Account Operators,CN=Builtin,DC=fabricorp,DC=local", "admincount": true, "description": "Members can administer domain user and group accounts"}, "Members": [], "Aces": [{"RightName": "Owner", "AceType": "", "IsInherited": false, "PrincipalSID": "S-1-5-21-2633719317-1471316042-3957863514-512", "PrincipalType": "Group"}, {"RightName": "GenericWrite", "AceType": "", "IsInherited": false, "PrincipalSID": "S-1-5-21-2633719317-1471316042-3957863514-512", "PrincipalType": "Group"}, {"RightName": "WriteOwner", "AceType": "", "IsInherited": false, "PrincipalSID": "S-1-5-21-2633719317-1471316042-3957863514-512", "PrincipalType": "Group"}, {"RightName": "WriteDacl", "AceType": "", "IsInherited": false, "PrincipalSID": "S-1-5-21-2633719317-1471316042-3957863514-512", "PrincipalType": "Group"}, {"RightName": "GenericWrite", "AceType": "", "IsInherited": false, "PrincipalSID": "S-1-5-21-2633719317-1471316042-3957863514-519", "PrincipalType": "Group"}, {"RightName": "WriteOwner", "AceType": "", "IsInherited": false, "PrincipalSID": "S-1-5-21-2633719317-1471316042-3957863514-519", "PrincipalType": "Group"}, {"RightName": "WriteDacl", "AceType": "", "IsInherited": false, "PrincipalSID": "S-1-5-21-2633719317-1471316042-3957863514-519", "PrincipalType": "Group"}, {"RightName": "GenericWrite", "AceType": "", "IsInherited": false, "PrincipalSID": "FABRICORP.LOCAL-S-1-5-32-544", "PrincipalType": "Group"}, {"RightName": "WriteOwner", "AceType": "", "IsInherited": false, "PrincipalSID": "FABRICORP.LOCAL-S-1-5-32-544", "PrincipalType": "Group"}, {"RightName": "WriteDacl", "AceType": "", "IsInherited": false, "PrincipalSID": "FABRICORP.LOCAL-S-1-5-32-544", "PrincipalType": "Group"}]},{"ObjectIdentifier": "FABRICORP.LOCAL-S-1-5-32-554", "Properties": {"domain": "FABRICORP.LOCAL", "objectid": "FABRICORP.LOCAL-S-1-5-32-554", "highvalue": false, "name": "PRE-WINDOWS 2000 COMPATIBLE ACCESS@FABRICORP.LOCAL", "distinguishedname": "CN=Pre-Windows 2000 Compatible Access,CN=Builtin,DC=fabricorp,DC=local", "admincount": false, "description": "A backward compatibility group which allows read access on all users and groups in the domain"}, "Members": [{"MemberId": "FABRICORP.LOCAL-S-1-5-11", "MemberType": "Group"}], "Aces": [{"RightName": "Owner", "AceType": "", "IsInherited": false, "PrincipalSID": "S-1-5-21-2633719317-1471316042-3957863514-512", "PrincipalType": "Group"}, {"RightName": "GenericAll", "AceType": "", "IsInherited": false, "PrincipalSID": "S-1-5-21-2633719317-1471316042-3957863514-512", "PrincipalType": "Group"}, {"RightName": "GenericAll", "AceType": "", "IsInherited": false, "PrincipalSID": "FABRICORP.LOCAL-S-1-5-32-548", "PrincipalType": "Group"}, {"RightName": "GenericAll", "AceType": "", "IsInherited": true, "PrincipalSID": "S-1-5-21-2633719317-1471316042-3957863514-519", "PrincipalType": "Group"}, {"RightName": "GenericWrite", "AceType": "", "IsInherited": true, "PrincipalSID": "FABRICORP.LOCAL-S-1-5-32-544", "PrincipalType": "Group"}, {"RightName": "WriteOwner", "AceType": "", "IsInherited": true, "PrincipalSID": "FABRICORP.LOCAL-S-1-5-32-544", "PrincipalType": "Group"}, {"RightName": "WriteDacl", "AceType": "", "IsInherited": true, "PrincipalSID": "FABRICORP.LOCAL-S-1-5-32-544", "PrincipalType": "Group"}]},{"ObjectIdentifier": "FABRICORP.LOCAL-S-1-5-32-549", "Properties": {"domain": "FABRICORP.LOCAL", "objectid": "FABRICORP.LOCAL-S-1-5-32-549", "highvalue": true, "name": "SERVER OPERATORS@FABRICORP.LOCAL", "distinguishedname": "CN=Server Operators,CN=Builtin,DC=fabricorp,DC=local", "admincount": true, "description": "Members can administer domain servers"}, "Members": [], "Aces": [{"RightName": "Owner", "AceType": "", "IsInherited": false, "PrincipalSID": "S-1-5-21-2633719317-1471316042-3957863514-512", "PrincipalType": "Group"}, {"RightName": "GenericWrite", "AceType": "", "IsInherited": false, "PrincipalSID": "S-1-5-21-2633719317-1471316042-3957863514-512", "PrincipalType": "Group"}, {"RightName": "WriteOwner", "AceType": "", "IsInherited": false, "PrincipalSID": "S-1-5-21-2633719317-1471316042-3957863514-512", "PrincipalType": "Group"}, {"RightName": "WriteDacl", "AceType": "", "IsInherited": false, "PrincipalSID": "S-1-5-21-2633719317-1471316042-3957863514-512", "PrincipalType": "Group"}, {"RightName": "GenericWrite", "AceType": "", "IsInherited": false, "PrincipalSID": "S-1-5-21-2633719317-1471316042-3957863514-519", "PrincipalType": "Group"}, {"RightName": "WriteOwner", "AceType": "", "IsInherited": false, "PrincipalSID": "S-1-5-21-2633719317-1471316042-3957863514-519", "PrincipalType": "Group"}, {"RightName": "WriteDacl", "AceType": "", "IsInherited": false, "PrincipalSID": "S-1-5-21-2633719317-1471316042-3957863514-519", "PrincipalType": "Group"}, {"RightName": "GenericWrite", "AceType": "", "IsInherited": false, "PrincipalSID": "FABRICORP.LOCAL-S-1-5-32-544", "PrincipalType": "Group"}, {"RightName": "WriteOwner", "AceType": "", "IsInherited": false, "PrincipalSID": "FABRICORP.LOCAL-S-1-5-32-544", "PrincipalType": "Group"}, {"RightName": "WriteDacl", "AceType": "", "IsInherited": false, "PrincipalSID": "FABRICORP.LOCAL-S-1-5-32-544", "PrincipalType": "Group"}]},{"ObjectIdentifier": "S-1-5-21-2633719317-1471316042-3957863514-553", "Properties": {"domain": "FABRICORP.LOCAL", "objectid": "S-1-5-21-2633719317-1471316042-3957863514-553", "highvalue": false, "name": "RAS AND IAS SERVERS@FABRICORP.LOCAL", "distinguishedname": "CN=RAS and IAS Servers,CN=Users,DC=fabricorp,DC=local", "admincount": false, "description": "Servers in this group can access remote access properties of users"}, "Members": [], "Aces": [{"RightName": "Owner", "AceType": "", "IsInherited": false, "PrincipalSID": "S-1-5-21-2633719317-1471316042-3957863514-512", "PrincipalType": "Group"}, {"RightName": "GenericAll", "AceType": "", "IsInherited": false, "PrincipalSID": "S-1-5-21-2633719317-1471316042-3957863514-512", "PrincipalType": "Group"}, {"RightName": "GenericAll", "AceType": "", "IsInherited": false, "PrincipalSID": "FABRICORP.LOCAL-S-1-5-32-548", "PrincipalType": "Group"}, {"RightName": "GenericAll", "AceType": "", "IsInherited": true, "PrincipalSID": "S-1-5-21-2633719317-1471316042-3957863514-519", "PrincipalType": "Group"}, {"RightName": "GenericWrite", "AceType": "", "IsInherited": true, "PrincipalSID": "FABRICORP.LOCAL-S-1-5-32-544", "PrincipalType": "Group"}, {"RightName": "WriteOwner", "AceType": "", "IsInherited": true, "PrincipalSID": "FABRICORP.LOCAL-S-1-5-32-544", "PrincipalType": "Group"}, {"RightName": "WriteDacl", "AceType": "", "IsInherited": true, "PrincipalSID": "FABRICORP.LOCAL-S-1-5-32-544", "PrincipalType": "Group"}]},{"ObjectIdentifier": "S-1-5-21-2633719317-1471316042-3957863514-520", "Properties": {"domain": "FABRICORP.LOCAL", "objectid": "S-1-5-21-2633719317-1471316042-3957863514-520", "highvalue": true, "name": "GROUP POLICY CREATOR OWNERS@FABRICORP.LOCAL", "distinguishedname": "CN=Group Policy Creator Owners,CN=Users,DC=fabricorp,DC=local", "admincount": false, "description": "Members in this group can modify group policy for the domain"}, "Members": [{"MemberId": "S-1-5-21-2633719317-1471316042-3957863514-500", "MemberType": "User"}], "Aces": [{"RightName": "Owner", "AceType": "", "IsInherited": false, "PrincipalSID": "S-1-5-21-2633719317-1471316042-3957863514-512", "PrincipalType": "Group"}, {"RightName": "GenericAll", "AceType": "", "IsInherited": false, "PrincipalSID": "S-1-5-21-2633719317-1471316042-3957863514-512", "PrincipalType": "Group"}, {"RightName": "GenericAll", "AceType": "", "IsInherited": false, "PrincipalSID": "FABRICORP.LOCAL-S-1-5-32-548", "PrincipalType": "Group"}, {"RightName": "GenericAll", "AceType": "", "IsInherited": true, "PrincipalSID": "S-1-5-21-2633719317-1471316042-3957863514-519", "PrincipalType": "Group"}, {"RightName": "GenericWrite", "AceType": "", "IsInherited": true, "PrincipalSID": "FABRICORP.LOCAL-S-1-5-32-544", "PrincipalType": "Group"}, {"RightName": "WriteOwner", "AceType": "", "IsInherited": true, "PrincipalSID": "FABRICORP.LOCAL-S-1-5-32-544", "PrincipalType": "Group"}, {"RightName": "WriteDacl", "AceType": "", "IsInherited": true, "PrincipalSID": "FABRICORP.LOCAL-S-1-5-32-544", "PrincipalType": "Group"}]},{"ObjectIdentifier": "S-1-5-21-2633719317-1471316042-3957863514-514", "Properties": {"domain": "FABRICORP.LOCAL", "objectid": "S-1-5-21-2633719317-1471316042-3957863514-514", "highvalue": false, "name": "DOMAIN GUESTS@FABRICORP.LOCAL", "distinguishedname": "CN=Domain Guests,CN=Users,DC=fabricorp,DC=local", "admincount": false, "description": "All domain guests"}, "Members": [], "Aces": [{"RightName": "Owner", "AceType": "", "IsInherited": false, "PrincipalSID": "S-1-5-21-2633719317-1471316042-3957863514-512", "PrincipalType": "Group"}, {"RightName": "GenericAll", "AceType": "", "IsInherited": false, "PrincipalSID": "S-1-5-21-2633719317-1471316042-3957863514-512", "PrincipalType": "Group"}, {"RightName": "GenericAll", "AceType": "", "IsInherited": false, "PrincipalSID": "FABRICORP.LOCAL-S-1-5-32-548", "PrincipalType": "Group"}, {"RightName": "GenericAll", "AceType": "", "IsInherited": true, "PrincipalSID": "S-1-5-21-2633719317-1471316042-3957863514-519", "PrincipalType": "Group"}, {"RightName": "GenericWrite", "AceType": "", "IsInherited": true, "PrincipalSID": "FABRICORP.LOCAL-S-1-5-32-544", "PrincipalType": "Group"}, {"RightName": "WriteOwner", "AceType": "", "IsInherited": true, "PrincipalSID": "FABRICORP.LOCAL-S-1-5-32-544", "PrincipalType": "Group"}, {"RightName": "WriteDacl", "AceType": "", "IsInherited": true, "PrincipalSID": "FABRICORP.LOCAL-S-1-5-32-544", "PrincipalType": "Group"}]},{"ObjectIdentifier": "S-1-5-21-2633719317-1471316042-3957863514-513", "Properties": {"domain": "FABRICORP.LOCAL", "objectid": "S-1-5-21-2633719317-1471316042-3957863514-513", "highvalue": false, "name": "DOMAIN USERS@FABRICORP.LOCAL", "distinguishedname": "CN=Domain Users,CN=Users,DC=fabricorp,DC=local", "admincount": false, "description": "All domain users"}, "Members": [], "Aces": [{"RightName": "Owner", "AceType": "", "IsInherited": false, "PrincipalSID": "S-1-5-21-2633719317-1471316042-3957863514-512", "PrincipalType": "Group"}, {"RightName": "GenericAll", "AceType": "", "IsInherited": false, "PrincipalSID": "S-1-5-21-2633719317-1471316042-3957863514-512", "PrincipalType": "Group"}, {"RightName": "GenericAll", "AceType": "", "IsInherited": false, "PrincipalSID": "FABRICORP.LOCAL-S-1-5-32-548", "PrincipalType": "Group"}, {"RightName": "GenericAll", "AceType": "", "IsInherited": true, "PrincipalSID": "S-1-5-21-2633719317-1471316042-3957863514-519", "PrincipalType": "Group"}, {"RightName": "GenericWrite", "AceType": "", "IsInherited": true, "PrincipalSID": "FABRICORP.LOCAL-S-1-5-32-544", "PrincipalType": "Group"}, {"RightName": "WriteOwner", "AceType": "", "IsInherited": true, "PrincipalSID": "FABRICORP.LOCAL-S-1-5-32-544", "PrincipalType": "Group"}, {"RightName": "WriteDacl", "AceType": "", "IsInherited": true, "PrincipalSID": "FABRICORP.LOCAL-S-1-5-32-544", "PrincipalType": "Group"}]},{"ObjectIdentifier": "S-1-5-21-2633719317-1471316042-3957863514-512", "Properties": {"domain": "FABRICORP.LOCAL", "objectid": "S-1-5-21-2633719317-1471316042-3957863514-512", "highvalue": true, "name": "DOMAIN ADMINS@FABRICORP.LOCAL", "distinguishedname": "CN=Domain Admins,CN=Users,DC=fabricorp,DC=local", "admincount": true, "description": "Designated administrators of the domain"}, "Members": [{"MemberId": "S-1-5-21-2633719317-1471316042-3957863514-1601", "MemberType": "User"}, {"MemberId": "S-1-5-21-2633719317-1471316042-3957863514-500", "MemberType": "User"}], "Aces": [{"RightName": "Owner", "AceType": "", "IsInherited": false, "PrincipalSID": "S-1-5-21-2633719317-1471316042-3957863514-512", "PrincipalType": "Group"}, {"RightName": "GenericWrite", "AceType": "", "IsInherited": false, "PrincipalSID": "S-1-5-21-2633719317-1471316042-3957863514-512", "PrincipalType": "Group"}, {"RightName": "WriteOwner", "AceType": "", "IsInherited": false, "PrincipalSID": "S-1-5-21-2633719317-1471316042-3957863514-512", "PrincipalType": "Group"}, {"RightName": "WriteDacl", "AceType": "", "IsInherited": false, "PrincipalSID": "S-1-5-21-2633719317-1471316042-3957863514-512", "PrincipalType": "Group"}, {"RightName": "GenericWrite", "AceType": "", "IsInherited": false, "PrincipalSID": "S-1-5-21-2633719317-1471316042-3957863514-519", "PrincipalType": "Group"}, {"RightName": "WriteOwner", "AceType": "", "IsInherited": false, "PrincipalSID": "S-1-5-21-2633719317-1471316042-3957863514-519", "PrincipalType": "Group"}, {"RightName": "WriteDacl", "AceType": "", "IsInherited": false, "PrincipalSID": "S-1-5-21-2633719317-1471316042-3957863514-519", "PrincipalType": "Group"}, {"RightName": "GenericWrite", "AceType": "", "IsInherited": false, "PrincipalSID": "FABRICORP.LOCAL-S-1-5-32-544", "PrincipalType": "Group"}, {"RightName": "WriteOwner", "AceType": "", "IsInherited": false, "PrincipalSID": "FABRICORP.LOCAL-S-1-5-32-544", "PrincipalType": "Group"}, {"RightName": "WriteDacl", "AceType": "", "IsInherited": false, "PrincipalSID": "FABRICORP.LOCAL-S-1-5-32-544", "PrincipalType": "Group"}]},{"ObjectIdentifier": "S-1-5-21-2633719317-1471316042-3957863514-517", "Properties": {"domain": "FABRICORP.LOCAL", "objectid": "S-1-5-21-2633719317-1471316042-3957863514-517", "highvalue": false, "name": "CERT PUBLISHERS@FABRICORP.LOCAL", "distinguishedname": "CN=Cert Publishers,CN=Users,DC=fabricorp,DC=local", "admincount": false, "description": "Members of this group are permitted to publish certificates to the directory"}, "Members": [], "Aces": [{"RightName": "Owner", "AceType": "", "IsInherited": false, "PrincipalSID": "S-1-5-21-2633719317-1471316042-3957863514-512", "PrincipalType": "Group"}, {"RightName": "GenericAll", "AceType": "", "IsInherited": false, "PrincipalSID": "S-1-5-21-2633719317-1471316042-3957863514-512", "PrincipalType": "Group"}, {"RightName": "GenericAll", "AceType": "", "IsInherited": false, "PrincipalSID": "FABRICORP.LOCAL-S-1-5-32-548", "PrincipalType": "Group"}, {"RightName": "GenericAll", "AceType": "", "IsInherited": true, "PrincipalSID": "S-1-5-21-2633719317-1471316042-3957863514-519", "PrincipalType": "Group"}, {"RightName": "GenericWrite", "AceType": "", "IsInherited": true, "PrincipalSID": "FABRICORP.LOCAL-S-1-5-32-544", "PrincipalType": "Group"}, {"RightName": "WriteOwner", "AceType": "", "IsInherited": true, "PrincipalSID": "FABRICORP.LOCAL-S-1-5-32-544", "PrincipalType": "Group"}, {"RightName": "WriteDacl", "AceType": "", "IsInherited": true, "PrincipalSID": "FABRICORP.LOCAL-S-1-5-32-544", "PrincipalType": "Group"}]},{"ObjectIdentifier": "S-1-5-21-2633719317-1471316042-3957863514-519", "Properties": {"domain": "FABRICORP.LOCAL", "objectid": "S-1-5-21-2633719317-1471316042-3957863514-519", "highvalue": true, "name": "ENTERPRISE ADMINS@FABRICORP.LOCAL", "distinguishedname": "CN=Enterprise Admins,CN=Users,DC=fabricorp,DC=local", "admincount": true, "description": "Designated administrators of the enterprise"}, "Members": [{"MemberId": "S-1-5-21-2633719317-1471316042-3957863514-500", "MemberType": "User"}], "Aces": [{"RightName": "Owner", "AceType": "", "IsInherited": false, "PrincipalSID": "S-1-5-21-2633719317-1471316042-3957863514-512", "PrincipalType": "Group"}, {"RightName": "GenericWrite", "AceType": "", "IsInherited": false, "PrincipalSID": "S-1-5-21-2633719317-1471316042-3957863514-512", "PrincipalType": "Group"}, {"RightName": "WriteOwner", "AceType": "", "IsInherited": false, "PrincipalSID": "S-1-5-21-2633719317-1471316042-3957863514-512", "PrincipalType": "Group"}, {"RightName": "WriteDacl", "AceType": "", "IsInherited": false, "PrincipalSID": "S-1-5-21-2633719317-1471316042-3957863514-512", "PrincipalType": "Group"}, {"RightName": "GenericWrite", "AceType": "", "IsInherited": false, "PrincipalSID": "S-1-5-21-2633719317-1471316042-3957863514-519", "PrincipalType": "Group"}, {"RightName": "WriteOwner", "AceType": "", "IsInherited": false, "PrincipalSID": "S-1-5-21-2633719317-1471316042-3957863514-519", "PrincipalType": "Group"}, {"RightName": "WriteDacl", "AceType": "", "IsInherited": false, "PrincipalSID": "S-1-5-21-2633719317-1471316042-3957863514-519", "PrincipalType": "Group"}, {"RightName": "GenericWrite", "AceType": "", "IsInherited": false, "PrincipalSID": "FABRICORP.LOCAL-S-1-5-32-544", "PrincipalType": "Group"}, {"RightName": "WriteOwner", "AceType": "", "IsInherited": false, "PrincipalSID": "FABRICORP.LOCAL-S-1-5-32-544", "PrincipalType": "Group"}, {"RightName": "WriteDacl", "AceType": "", "IsInherited": false, "PrincipalSID": "FABRICORP.LOCAL-S-1-5-32-544", "PrincipalType": "Group"}]},{"ObjectIdentifier": "S-1-5-21-2633719317-1471316042-3957863514-518", "Properties": {"domain": "FABRICORP.LOCAL", "objectid": "S-1-5-21-2633719317-1471316042-3957863514-518", "highvalue": false, "name": "SCHEMA ADMINS@FABRICORP.LOCAL", "distinguishedname": "CN=Schema Admins,CN=Users,DC=fabricorp,DC=local", "admincount": true, "description": "Designated administrators of the schema"}, "Members": [{"MemberId": "S-1-5-21-2633719317-1471316042-3957863514-500", "MemberType": "User"}], "Aces": [{"RightName": "Owner", "AceType": "", "IsInherited": false, "PrincipalSID": "S-1-5-21-2633719317-1471316042-3957863514-512", "PrincipalType": "Group"}, {"RightName": "GenericWrite", "AceType": "", "IsInherited": false, "PrincipalSID": "S-1-5-21-2633719317-1471316042-3957863514-512", "PrincipalType": "Group"}, {"RightName": "WriteOwner", "AceType": "", "IsInherited": false, "PrincipalSID": "S-1-5-21-2633719317-1471316042-3957863514-512", "PrincipalType": "Group"}, {"RightName": "WriteDacl", "AceType": "", "IsInherited": false, "PrincipalSID": "S-1-5-21-2633719317-1471316042-3957863514-512", "PrincipalType": "Group"}, {"RightName": "GenericWrite", "AceType": "", "IsInherited": false, "PrincipalSID": "S-1-5-21-2633719317-1471316042-3957863514-519", "PrincipalType": "Group"}, {"RightName": "WriteOwner", "AceType": "", "IsInherited": false, "PrincipalSID": "S-1-5-21-2633719317-1471316042-3957863514-519", "PrincipalType": "Group"}, {"RightName": "WriteDacl", "AceType": "", "IsInherited": false, "PrincipalSID": "S-1-5-21-2633719317-1471316042-3957863514-519", "PrincipalType": "Group"}, {"RightName": "GenericWrite", "AceType": "", "IsInherited": false, "PrincipalSID": "FABRICORP.LOCAL-S-1-5-32-544", "PrincipalType": "Group"}, {"RightName": "WriteOwner", "AceType": "", "IsInherited": false, "PrincipalSID": "FABRICORP.LOCAL-S-1-5-32-544", "PrincipalType": "Group"}, {"RightName": "WriteDacl", "AceType": "", "IsInherited": false, "PrincipalSID": "FABRICORP.LOCAL-S-1-5-32-544", "PrincipalType": "Group"}]},{"ObjectIdentifier": "S-1-5-21-2633719317-1471316042-3957863514-516", "Properties": {"domain": "FABRICORP.LOCAL", "objectid": "S-1-5-21-2633719317-1471316042-3957863514-516", "highvalue": true, "name": "DOMAIN CONTROLLERS@FABRICORP.LOCAL", "distinguishedname": "CN=Domain Controllers,CN=Users,DC=fabricorp,DC=local", "admincount": true, "description": "All domain controllers in the domain"}, "Members": [], "Aces": [{"RightName": "Owner", "AceType": "", "IsInherited": false, "PrincipalSID": "S-1-5-21-2633719317-1471316042-3957863514-512", "PrincipalType": "Group"}, {"RightName": "GenericWrite", "AceType": "", "IsInherited": false, "PrincipalSID": "S-1-5-21-2633719317-1471316042-3957863514-512", "PrincipalType": "Group"}, {"RightName": "WriteOwner", "AceType": "", "IsInherited": false, "PrincipalSID": "S-1-5-21-2633719317-1471316042-3957863514-512", "PrincipalType": "Group"}, {"RightName": "WriteDacl", "AceType": "", "IsInherited": false, "PrincipalSID": "S-1-5-21-2633719317-1471316042-3957863514-512", "PrincipalType": "Group"}, {"RightName": "GenericWrite", "AceType": "", "IsInherited": false, "PrincipalSID": "S-1-5-21-2633719317-1471316042-3957863514-519", "PrincipalType": "Group"}, {"RightName": "WriteOwner", "AceType": "", "IsInherited": false, "PrincipalSID": "S-1-5-21-2633719317-1471316042-3957863514-519", "PrincipalType": "Group"}, {"RightName": "WriteDacl", "AceType": "", "IsInherited": false, "PrincipalSID": "S-1-5-21-2633719317-1471316042-3957863514-519", "PrincipalType": "Group"}, {"RightName": "GenericWrite", "AceType": "", "IsInherited": false, "PrincipalSID": "FABRICORP.LOCAL-S-1-5-32-544", "PrincipalType": "Group"}, {"RightName": "WriteOwner", "AceType": "", "IsInherited": false, "PrincipalSID": "FABRICORP.LOCAL-S-1-5-32-544", "PrincipalType": "Group"}, {"RightName": "WriteDacl", "AceType": "", "IsInherited": false, "PrincipalSID": "FABRICORP.LOCAL-S-1-5-32-544", "PrincipalType": "Group"}]},{"ObjectIdentifier": "S-1-5-21-2633719317-1471316042-3957863514-515", "Properties": {"domain": "FABRICORP.LOCAL", "objectid": "S-1-5-21-2633719317-1471316042-3957863514-515", "highvalue": false, "name": "DOMAIN COMPUTERS@FABRICORP.LOCAL", "distinguishedname": "CN=Domain Computers,CN=Users,DC=fabricorp,DC=local", "admincount": false, "description": "All workstations and servers joined to the domain"}, "Members": [], "Aces": [{"RightName": "Owner", "AceType": "", "IsInherited": false, "PrincipalSID": "S-1-5-21-2633719317-1471316042-3957863514-512", "PrincipalType": "Group"}, {"RightName": "GenericAll", "AceType": "", "IsInherited": false, "PrincipalSID": "S-1-5-21-2633719317-1471316042-3957863514-512", "PrincipalType": "Group"}, {"RightName": "GenericAll", "AceType": "", "IsInherited": false, "PrincipalSID": "FABRICORP.LOCAL-S-1-5-32-548", "PrincipalType": "Group"}, {"RightName": "GenericAll", "AceType": "", "IsInherited": true, "PrincipalSID": "S-1-5-21-2633719317-1471316042-3957863514-519", "PrincipalType": "Group"}, {"RightName": "GenericWrite", "AceType": "", "IsInherited": true, "PrincipalSID": "FABRICORP.LOCAL-S-1-5-32-544", "PrincipalType": "Group"}, {"RightName": "WriteOwner", "AceType": "", "IsInherited": true, "PrincipalSID": "FABRICORP.LOCAL-S-1-5-32-544", "PrincipalType": "Group"}, {"RightName": "WriteDacl", "AceType": "", "IsInherited": true, "PrincipalSID": "FABRICORP.LOCAL-S-1-5-32-544", "PrincipalType": "Group"}]},{"ObjectIdentifier": "S-1-5-32-582", "Properties": {"domain": "FABRICORP.LOCAL", "objectid": "S-1-5-32-582", "highvalue": false, "name": "STORAGE REPLICA ADMINISTRATORS@FABRICORP.LOCAL", "distinguishedname": "CN=Storage Replica Administrators,CN=Builtin,DC=fabricorp,DC=local", "admincount": false, "description": "Members of this group have complete and unrestricted access to all features of Storage Replica."}, "Members": [], "Aces": [{"RightName": "Owner", "AceType": "", "IsInherited": false, "PrincipalSID": "FABRICORP.LOCAL-S-1-5-32-544", "PrincipalType": "Group"}, {"RightName": "GenericAll", "AceType": "", "IsInherited": false, "PrincipalSID": "S-1-5-21-2633719317-1471316042-3957863514-512", "PrincipalType": "Group"}, {"RightName": "GenericAll", "AceType": "", "IsInherited": false, "PrincipalSID": "FABRICORP.LOCAL-S-1-5-32-548", "PrincipalType": "Group"}, {"RightName": "GenericAll", "AceType": "", "IsInherited": true, "PrincipalSID": "S-1-5-21-2633719317-1471316042-3957863514-519", "PrincipalType": "Group"}, {"RightName": "GenericWrite", "AceType": "", "IsInherited": true, "PrincipalSID": "FABRICORP.LOCAL-S-1-5-32-544", "PrincipalType": "Group"}, {"RightName": "WriteOwner", "AceType": "", "IsInherited": true, "PrincipalSID": "FABRICORP.LOCAL-S-1-5-32-544", "PrincipalType": "Group"}, {"RightName": "WriteDacl", "AceType": "", "IsInherited": true, "PrincipalSID": "FABRICORP.LOCAL-S-1-5-32-544", "PrincipalType": "Group"}]},{"ObjectIdentifier": "S-1-5-32-581", "Properties": {"domain": "FABRICORP.LOCAL", "objectid": "S-1-5-32-581", "highvalue": false, "name": "SYSTEM MANAGED ACCOUNTS GROUP@FABRICORP.LOCAL", "distinguishedname": "CN=System Managed Accounts Group,CN=Builtin,DC=fabricorp,DC=local", "admincount": false, "description": "Members of this group are managed by the system."}, "Members": [{"MemberId": "S-1-5-21-2633719317-1471316042-3957863514-503", "MemberType": "User"}], "Aces": [{"RightName": "Owner", "AceType": "", "IsInherited": false, "PrincipalSID": "FABRICORP.LOCAL-S-1-5-32-544", "PrincipalType": "Group"}, {"RightName": "GenericAll", "AceType": "", "IsInherited": false, "PrincipalSID": "S-1-5-21-2633719317-1471316042-3957863514-512", "PrincipalType": "Group"}, {"RightName": "GenericAll", "AceType": "", "IsInherited": false, "PrincipalSID": "FABRICORP.LOCAL-S-1-5-32-548", "PrincipalType": "Group"}, {"RightName": "GenericAll", "AceType": "", "IsInherited": true, "PrincipalSID": "S-1-5-21-2633719317-1471316042-3957863514-519", "PrincipalType": "Group"}, {"RightName": "GenericWrite", "AceType": "", "IsInherited": true, "PrincipalSID": "FABRICORP.LOCAL-S-1-5-32-544", "PrincipalType": "Group"}, {"RightName": "WriteOwner", "AceType": "", "IsInherited": true, "PrincipalSID": "FABRICORP.LOCAL-S-1-5-32-544", "PrincipalType": "Group"}, {"RightName": "WriteDacl", "AceType": "", "IsInherited": true, "PrincipalSID": "FABRICORP.LOCAL-S-1-5-32-544", "PrincipalType": "Group"}]},{"ObjectIdentifier": "FABRICORP.LOCAL-S-1-5-32-580", "Properties": {"domain": "FABRICORP.LOCAL", "objectid": "FABRICORP.LOCAL-S-1-5-32-580", "highvalue": false, "name": "REMOTE MANAGEMENT USERS@FABRICORP.LOCAL", "distinguishedname": "CN=Remote Management Users,CN=Builtin,DC=fabricorp,DC=local", "admincount": false, "description": "Members of this group can access WMI resources over management protocols (such as WS-Management via the Windows Remote Management service). This applies only to WMI namespaces that grant access to the user."}, "Members": [{"MemberId": "S-1-5-21-2633719317-1471316042-3957863514-1604", "MemberType": "Group"}], "Aces": [{"RightName": "Owner", "AceType": "", "IsInherited": false, "PrincipalSID": "FABRICORP.LOCAL-S-1-5-32-544", "PrincipalType": "Group"}, {"RightName": "GenericAll", "AceType": "", "IsInherited": false, "PrincipalSID": "S-1-5-21-2633719317-1471316042-3957863514-512", "PrincipalType": "Group"}, {"RightName": "GenericAll", "AceType": "", "IsInherited": false, "PrincipalSID": "FABRICORP.LOCAL-S-1-5-32-548", "PrincipalType": "Group"}, {"RightName": "GenericAll", "AceType": "", "IsInherited": true, "PrincipalSID": "S-1-5-21-2633719317-1471316042-3957863514-519", "PrincipalType": "Group"}, {"RightName": "GenericWrite", "AceType": "", "IsInherited": true, "PrincipalSID": "FABRICORP.LOCAL-S-1-5-32-544", "PrincipalType": "Group"}, {"RightName": "WriteOwner", "AceType": "", "IsInherited": true, "PrincipalSID": "FABRICORP.LOCAL-S-1-5-32-544", "PrincipalType": "Group"}, {"RightName": "WriteDacl", "AceType": "", "IsInherited": true, "PrincipalSID": "FABRICORP.LOCAL-S-1-5-32-544", "PrincipalType": "Group"}]},{"ObjectIdentifier": "FABRICORP.LOCAL-S-1-5-32-578", "Properties": {"domain": "FABRICORP.LOCAL", "objectid": "FABRICORP.LOCAL-S-1-5-32-578", "highvalue": false, "name": "HYPER-V ADMINISTRATORS@FABRICORP.LOCAL", "distinguishedname": "CN=Hyper-V Administrators,CN=Builtin,DC=fabricorp,DC=local", "admincount": false, "description": "Members of this group have complete and unrestricted access to all features of Hyper-V."}, "Members": [], "Aces": [{"RightName": "Owner", "AceType": "", "IsInherited": false, "PrincipalSID": "FABRICORP.LOCAL-S-1-5-32-544", "PrincipalType": "Group"}, {"RightName": "GenericAll", "AceType": "", "IsInherited": false, "PrincipalSID": "S-1-5-21-2633719317-1471316042-3957863514-512", "PrincipalType": "Group"}, {"RightName": "GenericAll", "AceType": "", "IsInherited": false, "PrincipalSID": "FABRICORP.LOCAL-S-1-5-32-548", "PrincipalType": "Group"}, {"RightName": "GenericAll", "AceType": "", "IsInherited": true, "PrincipalSID": "S-1-5-21-2633719317-1471316042-3957863514-519", "PrincipalType": "Group"}, {"RightName": "GenericWrite", "AceType": "", "IsInherited": true, "PrincipalSID": "FABRICORP.LOCAL-S-1-5-32-544", "PrincipalType": "Group"}, {"RightName": "WriteOwner", "AceType": "", "IsInherited": true, "PrincipalSID": "FABRICORP.LOCAL-S-1-5-32-544", "PrincipalType": "Group"}, {"RightName": "WriteDacl", "AceType": "", "IsInherited": true, "PrincipalSID": "FABRICORP.LOCAL-S-1-5-32-544", "PrincipalType": "Group"}]},{"ObjectIdentifier": "FABRICORP.LOCAL-S-1-5-32-579", "Properties": {"domain": "FABRICORP.LOCAL", "objectid": "FABRICORP.LOCAL-S-1-5-32-579", "highvalue": false, "name": "ACCESS CONTROL ASSISTANCE OPERATORS@FABRICORP.LOCAL", "distinguishedname": "CN=Access Control Assistance Operators,CN=Builtin,DC=fabricorp,DC=local", "admincount": false, "description": "Members of this group can remotely query authorization attributes and permissions for resources on this computer."}, "Members": [], "Aces": [{"RightName": "Owner", "AceType": "", "IsInherited": false, "PrincipalSID": "FABRICORP.LOCAL-S-1-5-32-544", "PrincipalType": "Group"}, {"RightName": "GenericAll", "AceType": "", "IsInherited": false, "PrincipalSID": "S-1-5-21-2633719317-1471316042-3957863514-512", "PrincipalType": "Group"}, {"RightName": "GenericAll", "AceType": "", "IsInherited": false, "PrincipalSID": "FABRICORP.LOCAL-S-1-5-32-548", "PrincipalType": "Group"}, {"RightName": "GenericAll", "AceType": "", "IsInherited": true, "PrincipalSID": "S-1-5-21-2633719317-1471316042-3957863514-519", "PrincipalType": "Group"}, {"RightName": "GenericWrite", "AceType": "", "IsInherited": true, "PrincipalSID": "FABRICORP.LOCAL-S-1-5-32-544", "PrincipalType": "Group"}, {"RightName": "WriteOwner", "AceType": "", "IsInherited": true, "PrincipalSID": "FABRICORP.LOCAL-S-1-5-32-544", "PrincipalType": "Group"}, {"RightName": "WriteDacl", "AceType": "", "IsInherited": true, "PrincipalSID": "FABRICORP.LOCAL-S-1-5-32-544", "PrincipalType": "Group"}]},{"ObjectIdentifier": "FABRICORP.LOCAL-S-1-5-32-577", "Properties": {"domain": "FABRICORP.LOCAL", "objectid": "FABRICORP.LOCAL-S-1-5-32-577", "highvalue": false, "name": "RDS MANAGEMENT SERVERS@FABRICORP.LOCAL", "distinguishedname": "CN=RDS Management Servers,CN=Builtin,DC=fabricorp,DC=local", "admincount": false, "description": "Servers in this group can perform routine administrative actions on servers running Remote Desktop Services. This group needs to be populated on all servers in a Remote Desktop Services deployment. The servers running the RDS Central Management service must be included in this group."}, "Members": [], "Aces": [{"RightName": "Owner", "AceType": "", "IsInherited": false, "PrincipalSID": "FABRICORP.LOCAL-S-1-5-32-544", "PrincipalType": "Group"}, {"RightName": "GenericAll", "AceType": "", "IsInherited": false, "PrincipalSID": "S-1-5-21-2633719317-1471316042-3957863514-512", "PrincipalType": "Group"}, {"RightName": "GenericAll", "AceType": "", "IsInherited": false, "PrincipalSID": "FABRICORP.LOCAL-S-1-5-32-548", "PrincipalType": "Group"}, {"RightName": "GenericAll", "AceType": "", "IsInherited": true, "PrincipalSID": "S-1-5-21-2633719317-1471316042-3957863514-519", "PrincipalType": "Group"}, {"RightName": "GenericWrite", "AceType": "", "IsInherited": true, "PrincipalSID": "FABRICORP.LOCAL-S-1-5-32-544", "PrincipalType": "Group"}, {"RightName": "WriteOwner", "AceType": "", "IsInherited": true, "PrincipalSID": "FABRICORP.LOCAL-S-1-5-32-544", "PrincipalType": "Group"}, {"RightName": "WriteDacl", "AceType": "", "IsInherited": true, "PrincipalSID": "FABRICORP.LOCAL-S-1-5-32-544", "PrincipalType": "Group"}]},{"ObjectIdentifier": "FABRICORP.LOCAL-S-1-5-32-576", "Properties": {"domain": "FABRICORP.LOCAL", "objectid": "FABRICORP.LOCAL-S-1-5-32-576", "highvalue": false, "name": "RDS ENDPOINT SERVERS@FABRICORP.LOCAL", "distinguishedname": "CN=RDS Endpoint Servers,CN=Builtin,DC=fabricorp,DC=local", "admincount": false, "description": "Servers in this group run virtual machines and host sessions where users RemoteApp programs and personal virtual desktops run. This group needs to be populated on servers running RD Connection Broker. RD Session Host servers and RD Virtualization Host servers used in the deployment need to be in this group."}, "Members": [], "Aces": [{"RightName": "Owner", "AceType": "", "IsInherited": false, "PrincipalSID": "FABRICORP.LOCAL-S-1-5-32-544", "PrincipalType": "Group"}, {"RightName": "GenericAll", "AceType": "", "IsInherited": false, "PrincipalSID": "S-1-5-21-2633719317-1471316042-3957863514-512", "PrincipalType": "Group"}, {"RightName": "GenericAll", "AceType": "", "IsInherited": false, "PrincipalSID": "FABRICORP.LOCAL-S-1-5-32-548", "PrincipalType": "Group"}, {"RightName": "GenericAll", "AceType": "", "IsInherited": true, "PrincipalSID": "S-1-5-21-2633719317-1471316042-3957863514-519", "PrincipalType": "Group"}, {"RightName": "GenericWrite", "AceType": "", "IsInherited": true, "PrincipalSID": "FABRICORP.LOCAL-S-1-5-32-544", "PrincipalType": "Group"}, {"RightName": "WriteOwner", "AceType": "", "IsInherited": true, "PrincipalSID": "FABRICORP.LOCAL-S-1-5-32-544", "PrincipalType": "Group"}, {"RightName": "WriteDacl", "AceType": "", "IsInherited": true, "PrincipalSID": "FABRICORP.LOCAL-S-1-5-32-544", "PrincipalType": "Group"}]},{"ObjectIdentifier": "FABRICORP.LOCAL-S-1-5-32-574", "Properties": {"domain": "FABRICORP.LOCAL", "objectid": "FABRICORP.LOCAL-S-1-5-32-574", "highvalue": false, "name": "CERTIFICATE SERVICE DCOM ACCESS@FABRICORP.LOCAL", "distinguishedname": "CN=Certificate Service DCOM Access,CN=Builtin,DC=fabricorp,DC=local", "admincount": false, "description": "Members of this group are allowed to connect to Certification Authorities in the enterprise"}, "Members": [], "Aces": [{"RightName": "Owner", "AceType": "", "IsInherited": false, "PrincipalSID": "FABRICORP.LOCAL-S-1-5-32-544", "PrincipalType": "Group"}, {"RightName": "GenericAll", "AceType": "", "IsInherited": false, "PrincipalSID": "S-1-5-21-2633719317-1471316042-3957863514-512", "PrincipalType": "Group"}, {"RightName": "GenericAll", "AceType": "", "IsInherited": false, "PrincipalSID": "FABRICORP.LOCAL-S-1-5-32-548", "PrincipalType": "Group"}, {"RightName": "GenericAll", "AceType": "", "IsInherited": true, "PrincipalSID": "S-1-5-21-2633719317-1471316042-3957863514-519", "PrincipalType": "Group"}, {"RightName": "GenericWrite", "AceType": "", "IsInherited": true, "PrincipalSID": "FABRICORP.LOCAL-S-1-5-32-544", "PrincipalType": "Group"}, {"RightName": "WriteOwner", "AceType": "", "IsInherited": true, "PrincipalSID": "FABRICORP.LOCAL-S-1-5-32-544", "PrincipalType": "Group"}, {"RightName": "WriteDacl", "AceType": "", "IsInherited": true, "PrincipalSID": "FABRICORP.LOCAL-S-1-5-32-544", "PrincipalType": "Group"}]},{"ObjectIdentifier": "FABRICORP.LOCAL-S-1-5-32-573", "Properties": {"domain": "FABRICORP.LOCAL", "objectid": "FABRICORP.LOCAL-S-1-5-32-573", "highvalue": false, "name": "EVENT LOG READERS@FABRICORP.LOCAL", "distinguishedname": "CN=Event Log Readers,CN=Builtin,DC=fabricorp,DC=local", "admincount": false, "description": "Members of this group can read event logs from local machine"}, "Members": [], "Aces": [{"RightName": "Owner", "AceType": "", "IsInherited": false, "PrincipalSID": "FABRICORP.LOCAL-S-1-5-32-544", "PrincipalType": "Group"}, {"RightName": "GenericAll", "AceType": "", "IsInherited": false, "PrincipalSID": "S-1-5-21-2633719317-1471316042-3957863514-512", "PrincipalType": "Group"}, {"RightName": "GenericAll", "AceType": "", "IsInherited": false, "PrincipalSID": "FABRICORP.LOCAL-S-1-5-32-548", "PrincipalType": "Group"}, {"RightName": "GenericAll", "AceType": "", "IsInherited": true, "PrincipalSID": "S-1-5-21-2633719317-1471316042-3957863514-519", "PrincipalType": "Group"}, {"RightName": "GenericWrite", "AceType": "", "IsInherited": true, "PrincipalSID": "FABRICORP.LOCAL-S-1-5-32-544", "PrincipalType": "Group"}, {"RightName": "WriteOwner", "AceType": "", "IsInherited": true, "PrincipalSID": "FABRICORP.LOCAL-S-1-5-32-544", "PrincipalType": "Group"}, {"RightName": "WriteDacl", "AceType": "", "IsInherited": true, "PrincipalSID": "FABRICORP.LOCAL-S-1-5-32-544", "PrincipalType": "Group"}]},{"ObjectIdentifier": "FABRICORP.LOCAL-S-1-5-32-575", "Properties": {"domain": "FABRICORP.LOCAL", "objectid": "FABRICORP.LOCAL-S-1-5-32-575", "highvalue": false, "name": "RDS REMOTE ACCESS SERVERS@FABRICORP.LOCAL", "distinguishedname": "CN=RDS Remote Access Servers,CN=Builtin,DC=fabricorp,DC=local", "admincount": false, "description": "Servers in this group enable users of RemoteApp programs and personal virtual desktops access to these resources. In Internet-facing deployments, these servers are typically deployed in an edge network. This group needs to be populated on servers running RD Connection Broker. RD Gateway servers and RD Web Access servers used in the deployment need to be in this group."}, "Members": [], "Aces": [{"RightName": "Owner", "AceType": "", "IsInherited": false, "PrincipalSID": "FABRICORP.LOCAL-S-1-5-32-544", "PrincipalType": "Group"}, {"RightName": "GenericAll", "AceType": "", "IsInherited": false, "PrincipalSID": "S-1-5-21-2633719317-1471316042-3957863514-512", "PrincipalType": "Group"}, {"RightName": "GenericAll", "AceType": "", "IsInherited": false, "PrincipalSID": "FABRICORP.LOCAL-S-1-5-32-548", "PrincipalType": "Group"}, {"RightName": "GenericAll", "AceType": "", "IsInherited": true, "PrincipalSID": "S-1-5-21-2633719317-1471316042-3957863514-519", "PrincipalType": "Group"}, {"RightName": "GenericWrite", "AceType": "", "IsInherited": true, "PrincipalSID": "FABRICORP.LOCAL-S-1-5-32-544", "PrincipalType": "Group"}, {"RightName": "WriteOwner", "AceType": "", "IsInherited": true, "PrincipalSID": "FABRICORP.LOCAL-S-1-5-32-544", "PrincipalType": "Group"}, {"RightName": "WriteDacl", "AceType": "", "IsInherited": true, "PrincipalSID": "FABRICORP.LOCAL-S-1-5-32-544", "PrincipalType": "Group"}]},{"ObjectIdentifier": "FABRICORP.LOCAL-S-1-5-32-569", "Properties": {"domain": "FABRICORP.LOCAL", "objectid": "FABRICORP.LOCAL-S-1-5-32-569", "highvalue": false, "name": "CRYPTOGRAPHIC OPERATORS@FABRICORP.LOCAL", "distinguishedname": "CN=Cryptographic Operators,CN=Builtin,DC=fabricorp,DC=local", "admincount": false, "description": "Members are authorized to perform cryptographic operations."}, "Members": [], "Aces": [{"RightName": "Owner", "AceType": "", "IsInherited": false, "PrincipalSID": "FABRICORP.LOCAL-S-1-5-32-544", "PrincipalType": "Group"}, {"RightName": "GenericAll", "AceType": "", "IsInherited": false, "PrincipalSID": "S-1-5-21-2633719317-1471316042-3957863514-512", "PrincipalType": "Group"}, {"RightName": "GenericAll", "AceType": "", "IsInherited": false, "PrincipalSID": "FABRICORP.LOCAL-S-1-5-32-548", "PrincipalType": "Group"}, {"RightName": "GenericAll", "AceType": "", "IsInherited": true, "PrincipalSID": "S-1-5-21-2633719317-1471316042-3957863514-519", "PrincipalType": "Group"}, {"RightName": "GenericWrite", "AceType": "", "IsInherited": true, "PrincipalSID": "FABRICORP.LOCAL-S-1-5-32-544", "PrincipalType": "Group"}, {"RightName": "WriteOwner", "AceType": "", "IsInherited": true, "PrincipalSID": "FABRICORP.LOCAL-S-1-5-32-544", "PrincipalType": "Group"}, {"RightName": "WriteDacl", "AceType": "", "IsInherited": true, "PrincipalSID": "FABRICORP.LOCAL-S-1-5-32-544", "PrincipalType": "Group"}]},{"ObjectIdentifier": "FABRICORP.LOCAL-S-1-5-32-568", "Properties": {"domain": "FABRICORP.LOCAL", "objectid": "FABRICORP.LOCAL-S-1-5-32-568", "highvalue": false, "name": "IIS_IUSRS@FABRICORP.LOCAL", "distinguishedname": "CN=IIS_IUSRS,CN=Builtin,DC=fabricorp,DC=local", "admincount": false, "description": "Built-in group used by Internet Information Services."}, "Members": [], "Aces": [{"RightName": "Owner", "AceType": "", "IsInherited": false, "PrincipalSID": "FABRICORP.LOCAL-S-1-5-32-544", "PrincipalType": "Group"}, {"RightName": "GenericAll", "AceType": "", "IsInherited": false, "PrincipalSID": "S-1-5-21-2633719317-1471316042-3957863514-512", "PrincipalType": "Group"}, {"RightName": "GenericAll", "AceType": "", "IsInherited": false, "PrincipalSID": "FABRICORP.LOCAL-S-1-5-32-548", "PrincipalType": "Group"}, {"RightName": "GenericAll", "AceType": "", "IsInherited": true, "PrincipalSID": "S-1-5-21-2633719317-1471316042-3957863514-519", "PrincipalType": "Group"}, {"RightName": "GenericWrite", "AceType": "", "IsInherited": true, "PrincipalSID": "FABRICORP.LOCAL-S-1-5-32-544", "PrincipalType": "Group"}, {"RightName": "WriteOwner", "AceType": "", "IsInherited": true, "PrincipalSID": "FABRICORP.LOCAL-S-1-5-32-544", "PrincipalType": "Group"}, {"RightName": "WriteDacl", "AceType": "", "IsInherited": true, "PrincipalSID": "FABRICORP.LOCAL-S-1-5-32-544", "PrincipalType": "Group"}]},{"ObjectIdentifier": "FABRICORP.LOCAL-S-1-5-32-562", "Properties": {"domain": "FABRICORP.LOCAL", "objectid": "FABRICORP.LOCAL-S-1-5-32-562", "highvalue": false, "name": "DISTRIBUTED COM USERS@FABRICORP.LOCAL", "distinguishedname": "CN=Distributed COM Users,CN=Builtin,DC=fabricorp,DC=local", "admincount": false, "description": "Members are allowed to launch, activate and use Distributed COM objects on this machine."}, "Members": [], "Aces": [{"RightName": "Owner", "AceType": "", "IsInherited": false, "PrincipalSID": "FABRICORP.LOCAL-S-1-5-32-544", "PrincipalType": "Group"}, {"RightName": "GenericAll", "AceType": "", "IsInherited": false, "PrincipalSID": "S-1-5-21-2633719317-1471316042-3957863514-512", "PrincipalType": "Group"}, {"RightName": "GenericAll", "AceType": "", "IsInherited": false, "PrincipalSID": "FABRICORP.LOCAL-S-1-5-32-548", "PrincipalType": "Group"}, {"RightName": "GenericAll", "AceType": "", "IsInherited": true, "PrincipalSID": "S-1-5-21-2633719317-1471316042-3957863514-519", "PrincipalType": "Group"}, {"RightName": "GenericWrite", "AceType": "", "IsInherited": true, "PrincipalSID": "FABRICORP.LOCAL-S-1-5-32-544", "PrincipalType": "Group"}, {"RightName": "WriteOwner", "AceType": "", "IsInherited": true, "PrincipalSID": "FABRICORP.LOCAL-S-1-5-32-544", "PrincipalType": "Group"}, {"RightName": "WriteDacl", "AceType": "", "IsInherited": true, "PrincipalSID": "FABRICORP.LOCAL-S-1-5-32-544", "PrincipalType": "Group"}]},{"ObjectIdentifier": "FABRICORP.LOCAL-S-1-5-32-559", "Properties": {"domain": "FABRICORP.LOCAL", "objectid": "FABRICORP.LOCAL-S-1-5-32-559", "highvalue": false, "name": "PERFORMANCE LOG USERS@FABRICORP.LOCAL", "distinguishedname": "CN=Performance Log Users,CN=Builtin,DC=fabricorp,DC=local", "admincount": false, "description": "Members of this group may schedule logging of performance counters, enable trace providers, and collect event traces both locally and via remote access to this computer"}, "Members": [], "Aces": [{"RightName": "Owner", "AceType": "", "IsInherited": false, "PrincipalSID": "FABRICORP.LOCAL-S-1-5-32-544", "PrincipalType": "Group"}, {"RightName": "GenericAll", "AceType": "", "IsInherited": false, "PrincipalSID": "S-1-5-21-2633719317-1471316042-3957863514-512", "PrincipalType": "Group"}, {"RightName": "GenericAll", "AceType": "", "IsInherited": false, "PrincipalSID": "FABRICORP.LOCAL-S-1-5-32-548", "PrincipalType": "Group"}, {"RightName": "GenericAll", "AceType": "", "IsInherited": true, "PrincipalSID": "S-1-5-21-2633719317-1471316042-3957863514-519", "PrincipalType": "Group"}, {"RightName": "GenericWrite", "AceType": "", "IsInherited": true, "PrincipalSID": "FABRICORP.LOCAL-S-1-5-32-544", "PrincipalType": "Group"}, {"RightName": "WriteOwner", "AceType": "", "IsInherited": true, "PrincipalSID": "FABRICORP.LOCAL-S-1-5-32-544", "PrincipalType": "Group"}, {"RightName": "WriteDacl", "AceType": "", "IsInherited": true, "PrincipalSID": "FABRICORP.LOCAL-S-1-5-32-544", "PrincipalType": "Group"}]},{"ObjectIdentifier": "FABRICORP.LOCAL-S-1-5-32-558", "Properties": {"domain": "FABRICORP.LOCAL", "objectid": "FABRICORP.LOCAL-S-1-5-32-558", "highvalue": false, "name": "PERFORMANCE MONITOR USERS@FABRICORP.LOCAL", "distinguishedname": "CN=Performance Monitor Users,CN=Builtin,DC=fabricorp,DC=local", "admincount": false, "description": "Members of this group can access performance counter data locally and remotely"}, "Members": [], "Aces": [{"RightName": "Owner", "AceType": "", "IsInherited": false, "PrincipalSID": "FABRICORP.LOCAL-S-1-5-32-544", "PrincipalType": "Group"}, {"RightName": "GenericAll", "AceType": "", "IsInherited": false, "PrincipalSID": "S-1-5-21-2633719317-1471316042-3957863514-512", "PrincipalType": "Group"}, {"RightName": "GenericAll", "AceType": "", "IsInherited": false, "PrincipalSID": "FABRICORP.LOCAL-S-1-5-32-548", "PrincipalType": "Group"}, {"RightName": "GenericAll", "AceType": "", "IsInherited": true, "PrincipalSID": "S-1-5-21-2633719317-1471316042-3957863514-519", "PrincipalType": "Group"}, {"RightName": "GenericWrite", "AceType": "", "IsInherited": true, "PrincipalSID": "FABRICORP.LOCAL-S-1-5-32-544", "PrincipalType": "Group"}, {"RightName": "WriteOwner", "AceType": "", "IsInherited": true, "PrincipalSID": "FABRICORP.LOCAL-S-1-5-32-544", "PrincipalType": "Group"}, {"RightName": "WriteDacl", "AceType": "", "IsInherited": true, "PrincipalSID": "FABRICORP.LOCAL-S-1-5-32-544", "PrincipalType": "Group"}]},{"ObjectIdentifier": "FABRICORP.LOCAL-S-1-5-32-552", "Properties": {"domain": "FABRICORP.LOCAL", "objectid": "FABRICORP.LOCAL-S-1-5-32-552", "highvalue": false, "name": "REPLICATOR@FABRICORP.LOCAL", "distinguishedname": "CN=Replicator,CN=Builtin,DC=fabricorp,DC=local", "admincount": true, "description": "Supports file replication in a domain"}, "Members": [], "Aces": [{"RightName": "Owner", "AceType": "", "IsInherited": false, "PrincipalSID": "S-1-5-21-2633719317-1471316042-3957863514-512", "PrincipalType": "Group"}, {"RightName": "GenericWrite", "AceType": "", "IsInherited": false, "PrincipalSID": "S-1-5-21-2633719317-1471316042-3957863514-512", "PrincipalType": "Group"}, {"RightName": "WriteOwner", "AceType": "", "IsInherited": false, "PrincipalSID": "S-1-5-21-2633719317-1471316042-3957863514-512", "PrincipalType": "Group"}, {"RightName": "WriteDacl", "AceType": "", "IsInherited": false, "PrincipalSID": "S-1-5-21-2633719317-1471316042-3957863514-512", "PrincipalType": "Group"}, {"RightName": "GenericWrite", "AceType": "", "IsInherited": false, "PrincipalSID": "S-1-5-21-2633719317-1471316042-3957863514-519", "PrincipalType": "Group"}, {"RightName": "WriteOwner", "AceType": "", "IsInherited": false, "PrincipalSID": "S-1-5-21-2633719317-1471316042-3957863514-519", "PrincipalType": "Group"}, {"RightName": "WriteDacl", "AceType": "", "IsInherited": false, "PrincipalSID": "S-1-5-21-2633719317-1471316042-3957863514-519", "PrincipalType": "Group"}, {"RightName": "GenericWrite", "AceType": "", "IsInherited": false, "PrincipalSID": "FABRICORP.LOCAL-S-1-5-32-544", "PrincipalType": "Group"}, {"RightName": "WriteOwner", "AceType": "", "IsInherited": false, "PrincipalSID": "FABRICORP.LOCAL-S-1-5-32-544", "PrincipalType": "Group"}, {"RightName": "WriteDacl", "AceType": "", "IsInherited": false, "PrincipalSID": "FABRICORP.LOCAL-S-1-5-32-544", "PrincipalType": "Group"}]},{"ObjectIdentifier": "FABRICORP.LOCAL-S-1-5-32-555", "Properties": {"domain": "FABRICORP.LOCAL", "objectid": "FABRICORP.LOCAL-S-1-5-32-555", "highvalue": false, "name": "REMOTE DESKTOP USERS@FABRICORP.LOCAL", "distinguishedname": "CN=Remote Desktop Users,CN=Builtin,DC=fabricorp,DC=local", "admincount": false, "description": "Members in this group are granted the right to logon remotely"}, "Members": [], "Aces": [{"RightName": "Owner", "AceType": "", "IsInherited": false, "PrincipalSID": "FABRICORP.LOCAL-S-1-5-32-544", "PrincipalType": "Group"}, {"RightName": "GenericAll", "AceType": "", "IsInherited": false, "PrincipalSID": "S-1-5-21-2633719317-1471316042-3957863514-512", "PrincipalType": "Group"}, {"RightName": "GenericAll", "AceType": "", "IsInherited": false, "PrincipalSID": "FABRICORP.LOCAL-S-1-5-32-548", "PrincipalType": "Group"}, {"RightName": "GenericAll", "AceType": "", "IsInherited": true, "PrincipalSID": "S-1-5-21-2633719317-1471316042-3957863514-519", "PrincipalType": "Group"}, {"RightName": "GenericWrite", "AceType": "", "IsInherited": true, "PrincipalSID": "FABRICORP.LOCAL-S-1-5-32-544", "PrincipalType": "Group"}, {"RightName": "WriteOwner", "AceType": "", "IsInherited": true, "PrincipalSID": "FABRICORP.LOCAL-S-1-5-32-544", "PrincipalType": "Group"}, {"RightName": "WriteDacl", "AceType": "", "IsInherited": true, "PrincipalSID": "FABRICORP.LOCAL-S-1-5-32-544", "PrincipalType": "Group"}]},{"ObjectIdentifier": "FABRICORP.LOCAL-S-1-5-32-556", "Properties": {"domain": "FABRICORP.LOCAL", "objectid": "FABRICORP.LOCAL-S-1-5-32-556", "highvalue": false, "name": "NETWORK CONFIGURATION OPERATORS@FABRICORP.LOCAL", "distinguishedname": "CN=Network Configuration Operators,CN=Builtin,DC=fabricorp,DC=local", "admincount": false, "description": "Members in this group can have some administrative privileges to manage configuration of networking features"}, "Members": [], "Aces": [{"RightName": "Owner", "AceType": "", "IsInherited": false, "PrincipalSID": "FABRICORP.LOCAL-S-1-5-32-544", "PrincipalType": "Group"}, {"RightName": "GenericAll", "AceType": "", "IsInherited": false, "PrincipalSID": "S-1-5-21-2633719317-1471316042-3957863514-512", "PrincipalType": "Group"}, {"RightName": "GenericAll", "AceType": "", "IsInherited": false, "PrincipalSID": "FABRICORP.LOCAL-S-1-5-32-548", "PrincipalType": "Group"}, {"RightName": "GenericAll", "AceType": "", "IsInherited": true, "PrincipalSID": "S-1-5-21-2633719317-1471316042-3957863514-519", "PrincipalType": "Group"}, {"RightName": "GenericWrite", "AceType": "", "IsInherited": true, "PrincipalSID": "FABRICORP.LOCAL-S-1-5-32-544", "PrincipalType": "Group"}, {"RightName": "WriteOwner", "AceType": "", "IsInherited": true, "PrincipalSID": "FABRICORP.LOCAL-S-1-5-32-544", "PrincipalType": "Group"}, {"RightName": "WriteDacl", "AceType": "", "IsInherited": true, "PrincipalSID": "FABRICORP.LOCAL-S-1-5-32-544", "PrincipalType": "Group"}]},{"ObjectIdentifier": "FABRICORP.LOCAL-S-1-5-32-551", "Properties": {"domain": "FABRICORP.LOCAL", "objectid": "FABRICORP.LOCAL-S-1-5-32-551", "highvalue": true, "name": "BACKUP OPERATORS@FABRICORP.LOCAL", "distinguishedname": "CN=Backup Operators,CN=Builtin,DC=fabricorp,DC=local", "admincount": true, "description": "Backup Operators can override security restrictions for the sole purpose of backing up or restoring files"}, "Members": [], "Aces": [{"RightName": "Owner", "AceType": "", "IsInherited": false, "PrincipalSID": "S-1-5-21-2633719317-1471316042-3957863514-512", "PrincipalType": "Group"}, {"RightName": "GenericWrite", "AceType": "", "IsInherited": false, "PrincipalSID": "S-1-5-21-2633719317-1471316042-3957863514-512", "PrincipalType": "Group"}, {"RightName": "WriteOwner", "AceType": "", "IsInherited": false, "PrincipalSID": "S-1-5-21-2633719317-1471316042-3957863514-512", "PrincipalType": "Group"}, {"RightName": "WriteDacl", "AceType": "", "IsInherited": false, "PrincipalSID": "S-1-5-21-2633719317-1471316042-3957863514-512", "PrincipalType": "Group"}, {"RightName": "GenericWrite", "AceType": "", "IsInherited": false, "PrincipalSID": "S-1-5-21-2633719317-1471316042-3957863514-519", "PrincipalType": "Group"}, {"RightName": "WriteOwner", "AceType": "", "IsInherited": false, "PrincipalSID": "S-1-5-21-2633719317-1471316042-3957863514-519", "PrincipalType": "Group"}, {"RightName": "WriteDacl", "AceType": "", "IsInherited": false, "PrincipalSID": "S-1-5-21-2633719317-1471316042-3957863514-519", "PrincipalType": "Group"}, {"RightName": "GenericWrite", "AceType": "", "IsInherited": false, "PrincipalSID": "FABRICORP.LOCAL-S-1-5-32-544", "PrincipalType": "Group"}, {"RightName": "WriteOwner", "AceType": "", "IsInherited": false, "PrincipalSID": "FABRICORP.LOCAL-S-1-5-32-544", "PrincipalType": "Group"}, {"RightName": "WriteDacl", "AceType": "", "IsInherited": false, "PrincipalSID": "FABRICORP.LOCAL-S-1-5-32-544", "PrincipalType": "Group"}]},{"ObjectIdentifier": "FABRICORP.LOCAL-S-1-5-32-550", "Properties": {"domain": "FABRICORP.LOCAL", "objectid": "FABRICORP.LOCAL-S-1-5-32-550", "highvalue": true, "name": "PRINT OPERATORS@FABRICORP.LOCAL", "distinguishedname": "CN=Print Operators,CN=Builtin,DC=fabricorp,DC=local", "admincount": true, "description": "Members can administer printers installed on domain controllers"}, "Members": [{"MemberId": "S-1-5-21-2633719317-1471316042-3957863514-1104", "MemberType": "User"}], "Aces": [{"RightName": "Owner", "AceType": "", "IsInherited": false, "PrincipalSID": "S-1-5-21-2633719317-1471316042-3957863514-512", "PrincipalType": "Group"}, {"RightName": "GenericWrite", "AceType": "", "IsInherited": false, "PrincipalSID": "S-1-5-21-2633719317-1471316042-3957863514-512", "PrincipalType": "Group"}, {"RightName": "WriteOwner", "AceType": "", "IsInherited": false, "PrincipalSID": "S-1-5-21-2633719317-1471316042-3957863514-512", "PrincipalType": "Group"}, {"RightName": "WriteDacl", "AceType": "", "IsInherited": false, "PrincipalSID": "S-1-5-21-2633719317-1471316042-3957863514-512", "PrincipalType": "Group"}, {"RightName": "GenericWrite", "AceType": "", "IsInherited": false, "PrincipalSID": "S-1-5-21-2633719317-1471316042-3957863514-519", "PrincipalType": "Group"}, {"RightName": "WriteOwner", "AceType": "", "IsInherited": false, "PrincipalSID": "S-1-5-21-2633719317-1471316042-3957863514-519", "PrincipalType": "Group"}, {"RightName": "WriteDacl", "AceType": "", "IsInherited": false, "PrincipalSID": "S-1-5-21-2633719317-1471316042-3957863514-519", "PrincipalType": "Group"}, {"RightName": "GenericWrite", "AceType": "", "IsInherited": false, "PrincipalSID": "FABRICORP.LOCAL-S-1-5-32-544", "PrincipalType": "Group"}, {"RightName": "WriteOwner", "AceType": "", "IsInherited": false, "PrincipalSID": "FABRICORP.LOCAL-S-1-5-32-544", "PrincipalType": "Group"}, {"RightName": "WriteDacl", "AceType": "", "IsInherited": false, "PrincipalSID": "FABRICORP.LOCAL-S-1-5-32-544", "PrincipalType": "Group"}]},{"ObjectIdentifier": "FABRICORP.LOCAL-S-1-5-32-546", "Properties": {"domain": "FABRICORP.LOCAL", "objectid": "FABRICORP.LOCAL-S-1-5-32-546", "highvalue": false, "name": "GUESTS@FABRICORP.LOCAL", "distinguishedname": "CN=Guests,CN=Builtin,DC=fabricorp,DC=local", "admincount": false, "description": "Guests have the same access as members of the Users group by default, except for the Guest account which is further restricted"}, "Members": [{"MemberId": "S-1-5-21-2633719317-1471316042-3957863514-514", "MemberType": "Group"}, {"MemberId": "S-1-5-21-2633719317-1471316042-3957863514-501", "MemberType": "User"}], "Aces": [{"RightName": "Owner", "AceType": "", "IsInherited": false, "PrincipalSID": "FABRICORP.LOCAL-S-1-5-32-544", "PrincipalType": "Group"}, {"RightName": "GenericAll", "AceType": "", "IsInherited": false, "PrincipalSID": "S-1-5-21-2633719317-1471316042-3957863514-512", "PrincipalType": "Group"}, {"RightName": "GenericAll", "AceType": "", "IsInherited": false, "PrincipalSID": "FABRICORP.LOCAL-S-1-5-32-548", "PrincipalType": "Group"}, {"RightName": "GenericAll", "AceType": "", "IsInherited": true, "PrincipalSID": "S-1-5-21-2633719317-1471316042-3957863514-519", "PrincipalType": "Group"}, {"RightName": "GenericWrite", "AceType": "", "IsInherited": true, "PrincipalSID": "FABRICORP.LOCAL-S-1-5-32-544", "PrincipalType": "Group"}, {"RightName": "WriteOwner", "AceType": "", "IsInherited": true, "PrincipalSID": "FABRICORP.LOCAL-S-1-5-32-544", "PrincipalType": "Group"}, {"RightName": "WriteDacl", "AceType": "", "IsInherited": true, "PrincipalSID": "FABRICORP.LOCAL-S-1-5-32-544", "PrincipalType": "Group"}]},{"ObjectIdentifier": "FABRICORP.LOCAL-S-1-5-32-544", "Properties": {"domain": "FABRICORP.LOCAL", "objectid": "FABRICORP.LOCAL-S-1-5-32-544", "highvalue": true, "name": "ADMINISTRATORS@FABRICORP.LOCAL", "distinguishedname": "CN=Administrators,CN=Builtin,DC=fabricorp,DC=local", "admincount": true, "description": "Administrators have complete and unrestricted access to the computer/domain"}, "Members": [{"MemberId": "S-1-5-21-2633719317-1471316042-3957863514-512", "MemberType": "Group"}, {"MemberId": "S-1-5-21-2633719317-1471316042-3957863514-519", "MemberType": "Group"}, {"MemberId": "S-1-5-21-2633719317-1471316042-3957863514-500", "MemberType": "User"}], "Aces": [{"RightName": "Owner", "AceType": "", "IsInherited": false, "PrincipalSID": "S-1-5-21-2633719317-1471316042-3957863514-512", "PrincipalType": "Group"}, {"RightName": "GenericWrite", "AceType": "", "IsInherited": false, "PrincipalSID": "S-1-5-21-2633719317-1471316042-3957863514-512", "PrincipalType": "Group"}, {"RightName": "WriteOwner", "AceType": "", "IsInherited": false, "PrincipalSID": "S-1-5-21-2633719317-1471316042-3957863514-512", "PrincipalType": "Group"}, {"RightName": "WriteDacl", "AceType": "", "IsInherited": false, "PrincipalSID": "S-1-5-21-2633719317-1471316042-3957863514-512", "PrincipalType": "Group"}, {"RightName": "GenericWrite", "AceType": "", "IsInherited": false, "PrincipalSID": "S-1-5-21-2633719317-1471316042-3957863514-519", "PrincipalType": "Group"}, {"RightName": "WriteOwner", "AceType": "", "IsInherited": false, "PrincipalSID": "S-1-5-21-2633719317-1471316042-3957863514-519", "PrincipalType": "Group"}, {"RightName": "WriteDacl", "AceType": "", "IsInherited": false, "PrincipalSID": "S-1-5-21-2633719317-1471316042-3957863514-519", "PrincipalType": "Group"}, {"RightName": "GenericWrite", "AceType": "", "IsInherited": false, "PrincipalSID": "FABRICORP.LOCAL-S-1-5-32-544", "PrincipalType": "Group"}, {"RightName": "WriteOwner", "AceType": "", "IsInherited": false, "PrincipalSID": "FABRICORP.LOCAL-S-1-5-32-544", "PrincipalType": "Group"}, {"RightName": "WriteDacl", "AceType": "", "IsInherited": false, "PrincipalSID": "FABRICORP.LOCAL-S-1-5-32-544", "PrincipalType": "Group"}]},{"ObjectIdentifier": "FABRICORP.LOCAL-S-1-5-32-545", "Properties": {"domain": "FABRICORP.LOCAL", "objectid": "FABRICORP.LOCAL-S-1-5-32-545", "highvalue": false, "name": "USERS@FABRICORP.LOCAL", "distinguishedname": "CN=Users,CN=Builtin,DC=fabricorp,DC=local", "admincount": false, "description": "Users are prevented from making accidental or intentional system-wide changes and can run most applications"}, "Members": [{"MemberId": "S-1-5-21-2633719317-1471316042-3957863514-513", "MemberType": "Group"}, {"MemberId": "FABRICORP.LOCAL-S-1-5-11", "MemberType": "Group"}, {"MemberId": "FABRICORP.LOCAL-S-1-5-4", "MemberType": "Group"}], "Aces": [{"RightName": "Owner", "AceType": "", "IsInherited": false, "PrincipalSID": "FABRICORP.LOCAL-S-1-5-32-544", "PrincipalType": "Group"}, {"RightName": "GenericAll", "AceType": "", "IsInherited": false, "PrincipalSID": "S-1-5-21-2633719317-1471316042-3957863514-512", "PrincipalType": "Group"}, {"RightName": "GenericAll", "AceType": "", "IsInherited": false, "PrincipalSID": "FABRICORP.LOCAL-S-1-5-32-548", "PrincipalType": "Group"}, {"RightName": "GenericAll", "AceType": "", "IsInherited": true, "PrincipalSID": "S-1-5-21-2633719317-1471316042-3957863514-519", "PrincipalType": "Group"}, {"RightName": "GenericWrite", "AceType": "", "IsInherited": true, "PrincipalSID": "FABRICORP.LOCAL-S-1-5-32-544", "PrincipalType": "Group"}, {"RightName": "WriteOwner", "AceType": "", "IsInherited": true, "PrincipalSID": "FABRICORP.LOCAL-S-1-5-32-544", "PrincipalType": "Group"}, {"RightName": "WriteDacl", "AceType": "", "IsInherited": true, "PrincipalSID": "FABRICORP.LOCAL-S-1-5-32-544", "PrincipalType": "Group"}]},{"ObjectIdentifier": "FABRICORP.LOCAL-S-1-5-9", "Properties": {"domain": "FABRICORP.LOCAL", "name": "ENTERPRISE DOMAIN CONTROLLERS@FABRICORP.LOCAL"}, "Members": [{"MemberId": "S-1-5-21-2633719317-1471316042-3957863514-1000", "MemberType": "Computer"}], "Aces": []},{"ObjectIdentifier": "FABRICORP.LOCAL-S-1-1-0", "Properties": {"domain": "FABRICORP.LOCAL", "name": "EVERYONE@FABRICORP.LOCAL"}, "Members": [{"MemberId": "S-1-5-21-2633719317-1471316042-3957863514-515", "MemberType": "Group"}, {"MemberId": "S-1-5-21-2633719317-1471316042-3957863514-513", "MemberType": "Group"}], "Aces": []},{"ObjectIdentifier": "FABRICORP.LOCAL-S-1-5-11", "Properties": {"domain": "FABRICORP.LOCAL", "name": "AUTHENTICATED USERS@FABRICORP.LOCAL"}, "Members": [{"MemberId": "S-1-5-21-2633719317-1471316042-3957863514-515", "MemberType": "Group"}, {"MemberId": "S-1-5-21-2633719317-1471316042-3957863514-513", "MemberType": "Group"}], "Aces": []}],"meta":{"type":"groups","count":53, "version":3}}