{"computers":[{"ObjectIdentifier": "S-1-5-21-4194615774-2175524697-3563712290-1000", "AllowedToAct": [], "PrimaryGroupSid": "S-1-5-21-4194615774-2175524697-3563712290-516", "LocalAdmins": [{"MemberId": "S-1-5-21-4194615774-2175524697-3563712290-519", "MemberType": "Group"}, {"MemberId": "S-1-5-21-4194615774-2175524697-3563712290-512", "MemberType": "Group"}, {"MemberId": "S-1-5-21-4194615774-2175524697-3563712290-500", "MemberType": "User"}], "PSRemoteUsers": [{"MemberId": "S-1-5-21-4194615774-2175524697-3563712290-1413", "MemberType": "User"}], "Properties": {"name": "DC01.BLACKFIELD.LOCAL", "objectid": "S-1-5-21-4194615774-2175524697-3563712290-1000", "domain": "BLACKFIELD.LOCAL", "highvalue": false, "distinguishedname": "CN=DC01,OU=Domain Controllers,DC=BLACKFIELD,DC=local", "unconstraineddelegation": true, "enabled": true, "haslaps": false, "lastlogontimestamp": 1628996370, "pwdlastset": 1628996359, "serviceprincipalnames": ["Dfsr-12F9A27C-BF97-4787-9364-D31B6C55EB04/DC01.BLACKFIELD.local", "ldap/DC01.BLACKFIELD.local/ForestDnsZones.BLACKFIELD.local", "ldap/DC01.BLACKFIELD.local/DomainDnsZones.BLACKFIELD.local", "TERMSRV/DC01", "TERMSRV/DC01.BLACKFIELD.local", "DNS/DC01.BLACKFIELD.local", "GC/DC01.BLACKFIELD.local/BLACKFIELD.local", "RestrictedKrbHost/DC01.BLACKFIELD.local", "RestrictedKrbHost/DC01", "RPC/2a754031-e5c5-4e88-bb09-09aae693753c._msdcs.BLACKFIELD.local", "HOST/DC01/BLACKFIELD", "HOST/DC01.BLACKFIELD.local/BLACKFIELD", "HOST/DC01", "HOST/DC01.BLACKFIELD.local", "HOST/DC01.BLACKFIELD.local/BLACKFIELD.local", "E3514235-4B06-11D1-AB04-00C04FC2DCD2/2a754031-e5c5-4e88-bb09-09aae693753c/BLACKFIELD.local", "ldap/DC01/BLACKFIELD", "ldap/2a754031-e5c5-4e88-bb09-09aae693753c._msdcs.BLACKFIELD.local", "ldap/DC01.BLACKFIELD.local/BLACKFIELD", "ldap/DC01", "ldap/DC01.BLACKFIELD.local", "ldap/DC01.BLACKFIELD.local/BLACKFIELD.local"], "description": null, "operatingsystem": "Windows Server 2019 Standard"}, "RemoteDesktopUsers": [], "DcomUsers": [], "AllowedToDelegate": [], "Sessions": [], "Aces": [{"RightName": "Owner", "AceType": "", "IsInherited": false, "PrincipalSID": "S-1-5-21-4194615774-2175524697-3563712290-512", "PrincipalType": "Group"}, {"RightName": "GenericAll", "AceType": "", "IsInherited": false, "PrincipalSID": "S-1-5-21-4194615774-2175524697-3563712290-512", "PrincipalType": "Group"}, {"RightName": "WriteProperty", "AceType": "AllowedToAct", "IsInherited": true, "PrincipalSID": "BLACKFIELD.LOCAL-S-1-5-10", "PrincipalType": "User"}, {"RightName": "GenericAll", "AceType": "", "IsInherited": true, "PrincipalSID": "S-1-5-21-4194615774-2175524697-3563712290-519", "PrincipalType": "Group"}, {"RightName": "GenericWrite", "AceType": "", "IsInherited": true, "PrincipalSID": "BLACKFIELD.LOCAL-S-1-5-32-544", "PrincipalType": "Group"}, {"RightName": "WriteOwner", "AceType": "", "IsInherited": true, "PrincipalSID": "BLACKFIELD.LOCAL-S-1-5-32-544", "PrincipalType": "Group"}, {"RightName": "WriteDacl", "AceType": "", "IsInherited": true, "PrincipalSID": "BLACKFIELD.LOCAL-S-1-5-32-544", "PrincipalType": "Group"}]}],"meta":{"type":"computers","count":1, "version":3}}